"l [mm]","li [mm]","Phi [deg]","Theta [deg]","Voltage [V]","w [mm]","wi [mm]","Freq [GHz]","dB(GainTotal) []"
27,10.5,0,0,0,28,1.5,2.5,2.74711114533957
27,10.5,0,0,1,28,1.5,2.5,2.74711114533957
27,10.5,0,0,2,28,1.5,2.5,2.74711114533957
27,10.5,0,0,3,28,1.5,2.5,2.74711114533957
27,10.5,0,0,4,28,1.5,2.5,2.74711114533957
27,10.5,0,0,5,28,1.5,2.5,2.74711114533957
27,10.5,0,0,0,28.5,1.5,2.5,2.79586063812341
28.5,10.5,0,0,0,30.5,1.5,2.02,-2.67724764329932
28.5,10.5,0,0,0,30.5,1.5,2.04,-2.38470291974185
28.5,10.5,0,0,0,30.5,1.5,2.06,-2.08614590527692
28.5,10.5,0,0,0,30.5,1.5,2.08,-1.78222996853253
28.5,10.5,0,0,0,30.5,1.5,2.12,-1.1614487055801
28.5,10.5,0,0,0,30.5,1.5,2.14,-0.846457769982765
28.5,10.5,0,0,0,30.5,1.5,2.16,-0.529898013986956
28.5,10.5,0,0,0,30.5,1.5,2.18,-0.21311503592132
28.5,10.5,0,0,0,30.5,1.5,2.22,0.414658646527834
28.5,10.5,0,0,0,30.5,1.5,2.24,0.721789238241578
28.5,10.5,0,0,0,30.5,1.5,2.26,1.02136393661186
28.5,10.5,0,0,0,30.5,1.5,2.28,1.31069700587471
28.5,10.5,0,0,0,30.5,1.5,2.32,1.846219993299
28.5,10.5,0,0,0,30.5,1.5,2.34,2.08539736311212
28.5,10.5,0,0,0,30.5,1.5,2.36,2.30039759991032
28.5,10.5,0,0,0,30.5,1.5,2.38,2.48717899271709
28.5,10.5,0,0,0,30.5,1.5,2.42,2.76015952055993
28.5,10.5,0,0,0,30.5,1.5,2.44,2.83913395194688
28.5,10.5,0,0,0,30.5,1.5,2.46,2.87588942868547
28.5,10.5,0,0,0,30.5,1.5,2.48,2.86851086994453
28.5,10.5,0,0,0,30.5,1.5,2.5,2.81604937649466
28.5,10.5,0,0,0,30.5,1.5,2.52,2.71863857829977
28.5,10.5,0,0,0,30.5,1.5,2.54,2.57752010607709
28.5,10.5,0,0,0,30.5,1.5,2.56,2.39494268104456
28.5,10.5,0,0,0,30.5,1.5,2.58,2.17397629664627
28.5,10.5,0,0,0,30.5,1.5,2.62,1.63189191068227
28.5,10.5,0,0,0,30.5,1.5,2.64,1.31895786802184
28.5,10.5,0,0,0,30.5,1.5,2.66,0.983596908461339
28.5,10.5,0,0,0,30.5,1.5,2.68,0.629734123886713
28.5,10.5,0,0,0,30.5,1.5,2.72,-0.119278138824424
28.5,10.5,0,0,0,30.5,1.5,2.74,-0.508193455882813
28.5,10.5,0,0,0,30.5,1.5,2.76,-0.903162731959802
28.5,10.5,0,0,0,30.5,1.5,2.78,-1.30195554656848
28.5,10.5,0,0,0,30.5,1.5,2.82,-2.1036306203608
28.5,10.5,0,0,0,30.5,1.5,2.84,-2.50349179820609
28.5,10.5,0,0,0,30.5,1.5,2.86,-2.90106641868179
28.5,10.5,0,0,0,30.5,1.5,2.88,-3.29536378148667
28.5,10.5,0,0,0,30.5,1.5,2.92,-4.07091331446887
28.5,10.5,0,0,0,30.5,1.5,2.94,-4.4508632600928
28.5,10.5,0,0,0,30.5,1.5,2.96,-4.82489203590276
28.5,10.5,0,0,0,30.5,1.5,2.98,-5.19256949307019
27,10.5,90,0,0,28,1.5,2.5,2.74711114533957
27,10.5,90,0,1,28,1.5,2.5,2.74711114533957
27,10.5,90,0,2,28,1.5,2.5,2.74711114533957
27,10.5,90,0,3,28,1.5,2.5,2.74711114533957
27,10.5,90,0,4,28,1.5,2.5,2.74711114533957
27,10.5,90,0,5,28,1.5,2.5,2.74711114533957
27,10.5,90,0,0,28.5,1.5,2.5,2.79586063812341
28.5,10.5,90,0,0,30.5,1.5,2.02,-2.67724764329932
28.5,10.5,90,0,0,30.5,1.5,2.04,-2.38470291974185
28.5,10.5,90,0,0,30.5,1.5,2.06,-2.08614590527692
28.5,10.5,90,0,0,30.5,1.5,2.08,-1.78222996853253
28.5,10.5,90,0,0,30.5,1.5,2.12,-1.1614487055801
28.5,10.5,90,0,0,30.5,1.5,2.14,-0.846457769982765
28.5,10.5,90,0,0,30.5,1.5,2.16,-0.529898013986956
28.5,10.5,90,0,0,30.5,1.5,2.18,-0.21311503592132
28.5,10.5,90,0,0,30.5,1.5,2.22,0.414658646527834
28.5,10.5,90,0,0,30.5,1.5,2.24,0.721789238241578
28.5,10.5,90,0,0,30.5,1.5,2.26,1.02136393661186
28.5,10.5,90,0,0,30.5,1.5,2.28,1.31069700587471
28.5,10.5,90,0,0,30.5,1.5,2.32,1.846219993299
28.5,10.5,90,0,0,30.5,1.5,2.34,2.08539736311212
28.5,10.5,90,0,0,30.5,1.5,2.36,2.30039759991032
28.5,10.5,90,0,0,30.5,1.5,2.38,2.48717899271709
28.5,10.5,90,0,0,30.5,1.5,2.42,2.76015952055993
28.5,10.5,90,0,0,30.5,1.5,2.44,2.83913395194688
28.5,10.5,90,0,0,30.5,1.5,2.46,2.87588942868547
28.5,10.5,90,0,0,30.5,1.5,2.48,2.86851086994453
28.5,10.5,90,0,0,30.5,1.5,2.5,2.81604937649466
28.5,10.5,90,0,0,30.5,1.5,2.52,2.71863857829977
28.5,10.5,90,0,0,30.5,1.5,2.54,2.57752010607709
28.5,10.5,90,0,0,30.5,1.5,2.56,2.39494268104456
28.5,10.5,90,0,0,30.5,1.5,2.58,2.17397629664627
28.5,10.5,90,0,0,30.5,1.5,2.62,1.63189191068227
28.5,10.5,90,0,0,30.5,1.5,2.64,1.31895786802184
28.5,10.5,90,0,0,30.5,1.5,2.66,0.983596908461339
28.5,10.5,90,0,0,30.5,1.5,2.68,0.629734123886713
28.5,10.5,90,0,0,30.5,1.5,2.72,-0.119278138824424
28.5,10.5,90,0,0,30.5,1.5,2.74,-0.508193455882813
28.5,10.5,90,0,0,30.5,1.5,2.76,-0.903162731959802
28.5,10.5,90,0,0,30.5,1.5,2.78,-1.30195554656848
28.5,10.5,90,0,0,30.5,1.5,2.82,-2.1036306203608
28.5,10.5,90,0,0,30.5,1.5,2.84,-2.50349179820609
28.5,10.5,90,0,0,30.5,1.5,2.86,-2.90106641868179
28.5,10.5,90,0,0,30.5,1.5,2.88,-3.29536378148667
28.5,10.5,90,0,0,30.5,1.5,2.92,-4.07091331446887
28.5,10.5,90,0,0,30.5,1.5,2.94,-4.4508632600928
28.5,10.5,90,0,0,30.5,1.5,2.96,-4.82489203590276
28.5,10.5,90,0,0,30.5,1.5,2.98,-5.19256949307019
27,10.5,180,0,0,28,1.5,2.5,2.74711114533957
27,10.5,180,0,1,28,1.5,2.5,2.74711114533957
27,10.5,180,0,2,28,1.5,2.5,2.74711114533957
27,10.5,180,0,3,28,1.5,2.5,2.74711114533957
27,10.5,180,0,4,28,1.5,2.5,2.74711114533957
27,10.5,180,0,5,28,1.5,2.5,2.74711114533957
27,10.5,180,0,0,28.5,1.5,2.5,2.79586063812341
28.5,10.5,180,0,0,30.5,1.5,2.02,-2.67724764329932
28.5,10.5,180,0,0,30.5,1.5,2.04,-2.38470291974185
28.5,10.5,180,0,0,30.5,1.5,2.06,-2.08614590527692
28.5,10.5,180,0,0,30.5,1.5,2.08,-1.78222996853253
28.5,10.5,180,0,0,30.5,1.5,2.12,-1.1614487055801
28.5,10.5,180,0,0,30.5,1.5,2.14,-0.846457769982765
28.5,10.5,180,0,0,30.5,1.5,2.16,-0.529898013986956
28.5,10.5,180,0,0,30.5,1.5,2.18,-0.21311503592132
28.5,10.5,180,0,0,30.5,1.5,2.22,0.414658646527834
28.5,10.5,180,0,0,30.5,1.5,2.24,0.721789238241578
28.5,10.5,180,0,0,30.5,1.5,2.26,1.02136393661186
28.5,10.5,180,0,0,30.5,1.5,2.28,1.31069700587471
28.5,10.5,180,0,0,30.5,1.5,2.32,1.846219993299
28.5,10.5,180,0,0,30.5,1.5,2.34,2.08539736311212
28.5,10.5,180,0,0,30.5,1.5,2.36,2.30039759991032
28.5,10.5,180,0,0,30.5,1.5,2.38,2.48717899271709
28.5,10.5,180,0,0,30.5,1.5,2.42,2.76015952055993
28.5,10.5,180,0,0,30.5,1.5,2.44,2.83913395194688
28.5,10.5,180,0,0,30.5,1.5,2.46,2.87588942868547
28.5,10.5,180,0,0,30.5,1.5,2.48,2.86851086994453
28.5,10.5,180,0,0,30.5,1.5,2.5,2.81604937649466
28.5,10.5,180,0,0,30.5,1.5,2.52,2.71863857829977
28.5,10.5,180,0,0,30.5,1.5,2.54,2.57752010607709
28.5,10.5,180,0,0,30.5,1.5,2.56,2.39494268104456
28.5,10.5,180,0,0,30.5,1.5,2.58,2.17397629664627
28.5,10.5,180,0,0,30.5,1.5,2.62,1.63189191068227
28.5,10.5,180,0,0,30.5,1.5,2.64,1.31895786802184
28.5,10.5,180,0,0,30.5,1.5,2.66,0.983596908461339
28.5,10.5,180,0,0,30.5,1.5,2.68,0.629734123886713
28.5,10.5,180,0,0,30.5,1.5,2.72,-0.119278138824424
28.5,10.5,180,0,0,30.5,1.5,2.74,-0.508193455882813
28.5,10.5,180,0,0,30.5,1.5,2.76,-0.903162731959802
28.5,10.5,180,0,0,30.5,1.5,2.78,-1.30195554656848
28.5,10.5,180,0,0,30.5,1.5,2.82,-2.1036306203608
28.5,10.5,180,0,0,30.5,1.5,2.84,-2.50349179820609
28.5,10.5,180,0,0,30.5,1.5,2.86,-2.90106641868179
28.5,10.5,180,0,0,30.5,1.5,2.88,-3.29536378148667
28.5,10.5,180,0,0,30.5,1.5,2.92,-4.07091331446887
28.5,10.5,180,0,0,30.5,1.5,2.94,-4.4508632600928
28.5,10.5,180,0,0,30.5,1.5,2.96,-4.82489203590276
28.5,10.5,180,0,0,30.5,1.5,2.98,-5.19256949307019
27,10.5,270,0,0,28,1.5,2.5,2.74711114533957
27,10.5,270,0,1,28,1.5,2.5,2.74711114533957
27,10.5,270,0,2,28,1.5,2.5,2.74711114533957
27,10.5,270,0,3,28,1.5,2.5,2.74711114533957
27,10.5,270,0,4,28,1.5,2.5,2.74711114533957
27,10.5,270,0,5,28,1.5,2.5,2.74711114533957
27,10.5,270,0,0,28.5,1.5,2.5,2.79586063812341
28.5,10.5,270,0,0,30.5,1.5,2.02,-2.67724764329932
28.5,10.5,270,0,0,30.5,1.5,2.04,-2.38470291974185
28.5,10.5,270,0,0,30.5,1.5,2.06,-2.08614590527692
28.5,10.5,270,0,0,30.5,1.5,2.08,-1.78222996853253
28.5,10.5,270,0,0,30.5,1.5,2.12,-1.1614487055801
28.5,10.5,270,0,0,30.5,1.5,2.14,-0.846457769982765
28.5,10.5,270,0,0,30.5,1.5,2.16,-0.529898013986956
28.5,10.5,270,0,0,30.5,1.5,2.18,-0.21311503592132
28.5,10.5,270,0,0,30.5,1.5,2.22,0.414658646527834
28.5,10.5,270,0,0,30.5,1.5,2.24,0.721789238241578
28.5,10.5,270,0,0,30.5,1.5,2.26,1.02136393661186
28.5,10.5,270,0,0,30.5,1.5,2.28,1.31069700587471
28.5,10.5,270,0,0,30.5,1.5,2.32,1.846219993299
28.5,10.5,270,0,0,30.5,1.5,2.34,2.08539736311212
28.5,10.5,270,0,0,30.5,1.5,2.36,2.30039759991032
28.5,10.5,270,0,0,30.5,1.5,2.38,2.48717899271709
28.5,10.5,270,0,0,30.5,1.5,2.42,2.76015952055993
28.5,10.5,270,0,0,30.5,1.5,2.44,2.83913395194688
28.5,10.5,270,0,0,30.5,1.5,2.46,2.87588942868547
28.5,10.5,270,0,0,30.5,1.5,2.48,2.86851086994453
28.5,10.5,270,0,0,30.5,1.5,2.5,2.81604937649466
28.5,10.5,270,0,0,30.5,1.5,2.52,2.71863857829977
28.5,10.5,270,0,0,30.5,1.5,2.54,2.57752010607709
28.5,10.5,270,0,0,30.5,1.5,2.56,2.39494268104456
28.5,10.5,270,0,0,30.5,1.5,2.58,2.17397629664627
28.5,10.5,270,0,0,30.5,1.5,2.62,1.63189191068227
28.5,10.5,270,0,0,30.5,1.5,2.64,1.31895786802184
28.5,10.5,270,0,0,30.5,1.5,2.66,0.983596908461339
28.5,10.5,270,0,0,30.5,1.5,2.68,0.629734123886713
28.5,10.5,270,0,0,30.5,1.5,2.72,-0.119278138824424
28.5,10.5,270,0,0,30.5,1.5,2.74,-0.508193455882813
28.5,10.5,270,0,0,30.5,1.5,2.76,-0.903162731959802
28.5,10.5,270,0,0,30.5,1.5,2.78,-1.30195554656848
28.5,10.5,270,0,0,30.5,1.5,2.82,-2.1036306203608
28.5,10.5,270,0,0,30.5,1.5,2.84,-2.50349179820609
28.5,10.5,270,0,0,30.5,1.5,2.86,-2.90106641868179
28.5,10.5,270,0,0,30.5,1.5,2.88,-3.29536378148667
28.5,10.5,270,0,0,30.5,1.5,2.92,-4.07091331446887
28.5,10.5,270,0,0,30.5,1.5,2.94,-4.4508632600928
28.5,10.5,270,0,0,30.5,1.5,2.96,-4.82489203590276
28.5,10.5,270,0,0,30.5,1.5,2.98,-5.19256949307019
27,10.5,360,0,0,28,1.5,2.5,2.74711114533957
27,10.5,360,0,1,28,1.5,2.5,2.74711114533957
27,10.5,360,0,2,28,1.5,2.5,2.74711114533957
27,10.5,360,0,3,28,1.5,2.5,2.74711114533957
27,10.5,360,0,4,28,1.5,2.5,2.74711114533957
27,10.5,360,0,5,28,1.5,2.5,2.74711114533957
27,10.5,360,0,0,28.5,1.5,2.5,2.79586063812341
28.5,10.5,360,0,0,30.5,1.5,2.02,-2.67724764329932
28.5,10.5,360,0,0,30.5,1.5,2.04,-2.38470291974185
28.5,10.5,360,0,0,30.5,1.5,2.06,-2.08614590527692
28.5,10.5,360,0,0,30.5,1.5,2.08,-1.78222996853253
28.5,10.5,360,0,0,30.5,1.5,2.12,-1.1614487055801
28.5,10.5,360,0,0,30.5,1.5,2.14,-0.846457769982765
28.5,10.5,360,0,0,30.5,1.5,2.16,-0.529898013986956
28.5,10.5,360,0,0,30.5,1.5,2.18,-0.21311503592132
28.5,10.5,360,0,0,30.5,1.5,2.22,0.414658646527834
28.5,10.5,360,0,0,30.5,1.5,2.24,0.721789238241578
28.5,10.5,360,0,0,30.5,1.5,2.26,1.02136393661186
28.5,10.5,360,0,0,30.5,1.5,2.28,1.31069700587471
28.5,10.5,360,0,0,30.5,1.5,2.32,1.846219993299
28.5,10.5,360,0,0,30.5,1.5,2.34,2.08539736311212
28.5,10.5,360,0,0,30.5,1.5,2.36,2.30039759991032
28.5,10.5,360,0,0,30.5,1.5,2.38,2.48717899271709
28.5,10.5,360,0,0,30.5,1.5,2.42,2.76015952055993
28.5,10.5,360,0,0,30.5,1.5,2.44,2.83913395194688
28.5,10.5,360,0,0,30.5,1.5,2.46,2.87588942868547
28.5,10.5,360,0,0,30.5,1.5,2.48,2.86851086994453
28.5,10.5,360,0,0,30.5,1.5,2.5,2.81604937649466
28.5,10.5,360,0,0,30.5,1.5,2.52,2.71863857829977
28.5,10.5,360,0,0,30.5,1.5,2.54,2.57752010607709
28.5,10.5,360,0,0,30.5,1.5,2.56,2.39494268104456
28.5,10.5,360,0,0,30.5,1.5,2.58,2.17397629664627
28.5,10.5,360,0,0,30.5,1.5,2.62,1.63189191068227
28.5,10.5,360,0,0,30.5,1.5,2.64,1.31895786802184
28.5,10.5,360,0,0,30.5,1.5,2.66,0.983596908461339
28.5,10.5,360,0,0,30.5,1.5,2.68,0.629734123886713
28.5,10.5,360,0,0,30.5,1.5,2.72,-0.119278138824424
28.5,10.5,360,0,0,30.5,1.5,2.74,-0.508193455882813
28.5,10.5,360,0,0,30.5,1.5,2.76,-0.903162731959802
28.5,10.5,360,0,0,30.5,1.5,2.78,-1.30195554656848
28.5,10.5,360,0,0,30.5,1.5,2.82,-2.1036306203608
28.5,10.5,360,0,0,30.5,1.5,2.84,-2.50349179820609
28.5,10.5,360,0,0,30.5,1.5,2.86,-2.90106641868179
28.5,10.5,360,0,0,30.5,1.5,2.88,-3.29536378148667
28.5,10.5,360,0,0,30.5,1.5,2.92,-4.07091331446887
28.5,10.5,360,0,0,30.5,1.5,2.94,-4.4508632600928
28.5,10.5,360,0,0,30.5,1.5,2.96,-4.82489203590276
28.5,10.5,360,0,0,30.5,1.5,2.98,-5.19256949307019
27,10.5,0,30,0,28,1.5,2.5,1.81356025051221
27,10.5,0,30,1,28,1.5,2.5,1.81356025051221
27,10.5,0,30,2,28,1.5,2.5,1.81356025051221
27,10.5,0,30,3,28,1.5,2.5,1.81356025051221
27,10.5,0,30,4,28,1.5,2.5,1.81356025051221
27,10.5,0,30,5,28,1.5,2.5,1.81356025051221
27,10.5,0,30,0,28.5,1.5,2.5,1.79657481971784
28.5,10.5,0,30,0,30.5,1.5,2.02,-3.88506301178701
28.5,10.5,0,30,0,30.5,1.5,2.04,-3.5782877576347
28.5,10.5,0,30,0,30.5,1.5,2.06,-3.26556985673056
28.5,10.5,0,30,0,30.5,1.5,2.08,-2.94760911132373
28.5,10.5,0,30,0,30.5,1.5,2.12,-2.29927314844929
28.5,10.5,0,30,0,30.5,1.5,2.14,-1.97086402742252
28.5,10.5,0,30,0,30.5,1.5,2.16,-1.64118454158961
28.5,10.5,0,30,0,30.5,1.5,2.18,-1.31162214030382
28.5,10.5,0,30,0,30.5,1.5,2.22,-0.659466873755917
28.5,10.5,0,30,0,30.5,1.5,2.24,-0.340805780021899
28.5,10.5,0,30,0,30.5,1.5,2.26,-0.0301841747045458
28.5,10.5,0,30,0,30.5,1.5,2.28,0.269683028467385
28.5,10.5,0,30,0,30.5,1.5,2.32,0.82463210054278
28.5,10.5,0,30,0,30.5,1.5,2.34,1.0726553288919
28.5,10.5,0,30,0,30.5,1.5,2.36,1.29589616505471
28.5,10.5,0,30,0,30.5,1.5,2.38,1.49029493649795
28.5,10.5,0,30,0,30.5,1.5,2.42,1.77657597206127
28.5,10.5,0,30,0,30.5,1.5,2.44,1.86120445685122
28.5,10.5,0,30,0,30.5,1.5,2.46,1.90293212627603
28.5,10.5,0,30,0,30.5,1.5,2.48,1.89983155005179
28.5,10.5,0,30,0,30.5,1.5,2.5,1.85094180797996
28.5,10.5,0,30,0,30.5,1.5,2.52,1.75638517863121
28.5,10.5,0,30,0,30.5,1.5,2.54,1.61739205104323
28.5,10.5,0,30,0,30.5,1.5,2.56,1.4362001498059
28.5,10.5,0,30,0,30.5,1.5,2.58,1.21586863474747
28.5,10.5,0,30,0,30.5,1.5,2.62,0.672760149282895
28.5,10.5,0,30,0,30.5,1.5,2.64,0.358146655667911
28.5,10.5,0,30,0,30.5,1.5,2.66,0.0203151954473289
28.5,10.5,0,30,0,30.5,1.5,2.68,-0.336818116791841
28.5,10.5,0,30,0,30.5,1.5,2.72,-1.09480234505041
28.5,10.5,0,30,0,30.5,1.5,2.74,-1.48943146352222
28.5,10.5,0,30,0,30.5,1.5,2.76,-1.89093840847205
28.5,10.5,0,30,0,30.5,1.5,2.78,-2.29709431830069
28.5,10.5,0,30,0,30.5,1.5,2.82,-3.11596358303523
28.5,10.5,0,30,0,30.5,1.5,2.84,-3.52564382714389
28.5,10.5,0,30,0,30.5,1.5,2.86,-3.93383807248618
28.5,10.5,0,30,0,30.5,1.5,2.88,-4.33953992885013
28.5,10.5,0,30,0,30.5,1.5,2.92,-5.14017500925112
28.5,10.5,0,30,0,30.5,1.5,2.94,-5.53376491484058
28.5,10.5,0,30,0,30.5,1.5,2.96,-5.92214877180734
28.5,10.5,0,30,0,30.5,1.5,2.98,-6.30491717630479
27,10.5,90,30,0,28,1.5,2.5,1.43818386233322
27,10.5,90,30,1,28,1.5,2.5,1.43818386233322
27,10.5,90,30,2,28,1.5,2.5,1.43818386233322
27,10.5,90,30,3,28,1.5,2.5,1.43818386233322
27,10.5,90,30,4,28,1.5,2.5,1.43818386233322
27,10.5,90,30,5,28,1.5,2.5,1.43818386233322
27,10.5,90,30,0,28.5,1.5,2.5,1.47678213251289
28.5,10.5,90,30,0,30.5,1.5,2.02,-3.99920761665484
28.5,10.5,90,30,0,30.5,1.5,2.04,-3.71006628651364
28.5,10.5,90,30,0,30.5,1.5,2.06,-3.41405145633506
28.5,10.5,90,30,0,30.5,1.5,2.08,-3.11180716454228
28.5,10.5,90,30,0,30.5,1.5,2.12,-2.49174989090313
28.5,10.5,90,30,0,30.5,1.5,2.14,-2.17582113795928
28.5,10.5,90,30,0,30.5,1.5,2.16,-1.85747154522948
28.5,10.5,90,30,0,30.5,1.5,2.18,-1.53806257209049
28.5,10.5,90,30,0,30.5,1.5,2.22,-0.902605675396178
28.5,10.5,90,30,0,30.5,1.5,2.24,-0.59046048369999
28.5,10.5,90,30,0,30.5,1.5,2.26,-0.285118460098533
28.5,10.5,90,30,0,30.5,1.5,2.28,0.010713491189775
28.5,10.5,90,30,0,30.5,1.5,2.32,0.561353842617908
28.5,10.5,90,30,0,30.5,1.5,2.34,0.809119121428252
28.5,10.5,90,30,0,30.5,1.5,2.36,1.03337909022641
28.5,10.5,90,30,0,30.5,1.5,2.38,1.23008666601113
28.5,10.5,90,30,0,30.5,1.5,2.42,1.52492159991944
28.5,10.5,90,30,0,30.5,1.5,2.44,1.61583861017121
28.5,10.5,90,30,0,30.5,1.5,2.46,1.6652321838665
28.5,10.5,90,30,0,30.5,1.5,2.48,1.67120793545564
28.5,10.5,90,30,0,30.5,1.5,2.5,1.63284311679628
28.5,10.5,90,30,0,30.5,1.5,2.52,1.55030286384474
28.5,10.5,90,30,0,30.5,1.5,2.54,1.42486532622495
28.5,10.5,90,30,0,30.5,1.5,2.56,1.25882075362343
28.5,10.5,90,30,0,30.5,1.5,2.58,1.05528522253658
28.5,10.5,90,30,0,30.5,1.5,2.62,0.550962773811702
28.5,10.5,90,30,0,30.5,1.5,2.64,0.258472576969135
28.5,10.5,90,30,0,30.5,1.5,2.66,-0.0553214669072706
28.5,10.5,90,30,0,30.5,1.5,2.68,-0.386429569947099
28.5,10.5,90,30,0,30.5,1.5,2.72,-1.08609622483969
28.5,10.5,90,30,0,30.5,1.5,2.74,-1.44827826465324
28.5,10.5,90,30,0,30.5,1.5,2.76,-1.81504215979863
28.5,10.5,90,30,0,30.5,1.5,2.78,-2.1840811983873
28.5,10.5,90,30,0,30.5,1.5,2.82,-2.92128991020793
28.5,10.5,90,30,0,30.5,1.5,2.84,-3.2862770836388
28.5,10.5,90,30,0,30.5,1.5,2.86,-3.64710657231828
28.5,10.5,90,30,0,30.5,1.5,2.88,-4.00270196502069
28.5,10.5,90,30,0,30.5,1.5,2.92,-4.69462186465732
28.5,10.5,90,30,0,30.5,1.5,2.94,-5.02945871308206
28.5,10.5,90,30,0,30.5,1.5,2.96,-5.35604577525125
28.5,10.5,90,30,0,30.5,1.5,2.98,-5.67384996856532
27,10.5,180,30,0,28,1.5,2.5,1.74652691238505
27,10.5,180,30,1,28,1.5,2.5,1.74652691238505
27,10.5,180,30,2,28,1.5,2.5,1.74652691238505
27,10.5,180,30,3,28,1.5,2.5,1.74652691238505
27,10.5,180,30,4,28,1.5,2.5,1.74652691238505
27,10.5,180,30,5,28,1.5,2.5,1.74652691238505
27,10.5,180,30,0,28.5,1.5,2.5,1.81381226910889
28.5,10.5,180,30,0,30.5,1.5,2.02,-3.78175654604017
28.5,10.5,180,30,0,30.5,1.5,2.04,-3.47993044336655
28.5,10.5,180,30,0,30.5,1.5,2.06,-3.17206125194497
28.5,10.5,180,30,0,30.5,1.5,2.08,-2.85886529372335
28.5,10.5,180,30,0,30.5,1.5,2.12,-2.21986227957173
28.5,10.5,180,30,0,30.5,1.5,2.14,-1.89604420272478
28.5,10.5,180,30,0,30.5,1.5,2.16,-1.57091771094633
28.5,10.5,180,30,0,30.5,1.5,2.18,-1.24587773842574
28.5,10.5,180,30,0,30.5,1.5,2.22,-0.602697949826701
28.5,10.5,180,30,0,30.5,1.5,2.24,-0.288498139767102
28.5,10.5,180,30,0,30.5,1.5,2.26,0.017676225191653
28.5,10.5,180,30,0,30.5,1.5,2.28,0.313108671418261
28.5,10.5,180,30,0,30.5,1.5,2.32,0.859223617688888
28.5,10.5,180,30,0,30.5,1.5,2.34,1.10284820871205
28.5,10.5,180,30,0,30.5,1.5,2.36,1.32170408275647
28.5,10.5,180,30,0,30.5,1.5,2.38,1.51173317023375
28.5,10.5,180,30,0,30.5,1.5,2.42,1.78932922376502
28.5,10.5,180,30,0,30.5,1.5,2.44,1.86964711183519
28.5,10.5,180,30,0,30.5,1.5,2.46,1.90708898068198
28.5,10.5,180,30,0,30.5,1.5,2.48,1.89973005437574
28.5,10.5,180,30,0,30.5,1.5,2.5,1.84661243442814
28.5,10.5,180,30,0,30.5,1.5,2.52,1.74786113562683
28.5,10.5,180,30,0,30.5,1.5,2.54,1.60470943909361
28.5,10.5,180,30,0,30.5,1.5,2.56,1.41939786522752
28.5,10.5,180,30,0,30.5,1.5,2.58,1.19498835271391
28.5,10.5,180,30,0,30.5,1.5,2.62,0.643859097713744
28.5,10.5,180,30,0,30.5,1.5,2.64,0.325307704219414
28.5,10.5,180,30,0,30.5,1.5,2.66,-0.0164104784870725
28.5,10.5,180,30,0,30.5,1.5,2.68,-0.377377317501828
28.5,10.5,180,30,0,30.5,1.5,2.72,-1.14286305805946
28.5,10.5,180,30,0,30.5,1.5,2.74,-1.54115775417575
28.5,10.5,180,30,0,30.5,1.5,2.76,-1.94627262077763
28.5,10.5,180,30,0,30.5,1.5,2.78,-2.35597843111318
28.5,10.5,180,30,0,30.5,1.5,2.82,-3.18177420433543
28.5,10.5,180,30,0,30.5,1.5,2.84,-3.59483149539119
28.5,10.5,180,30,0,30.5,1.5,2.86,-4.00634493850318
28.5,10.5,180,30,0,30.5,1.5,2.88,-4.41530594579115
28.5,10.5,180,30,0,30.5,1.5,2.92,-5.22224520142692
28.5,10.5,180,30,0,30.5,1.5,2.94,-5.6188326387657
28.5,10.5,180,30,0,30.5,1.5,2.96,-6.01003080264985
28.5,10.5,180,30,0,30.5,1.5,2.98,-6.39528085690521
27,10.5,270,30,0,28,1.5,2.5,1.59590135110926
27,10.5,270,30,1,28,1.5,2.5,1.59590135110927
27,10.5,270,30,2,28,1.5,2.5,1.59590135110926
27,10.5,270,30,3,28,1.5,2.5,1.59590135110926
27,10.5,270,30,4,28,1.5,2.5,1.59590135110927
27,10.5,270,30,5,28,1.5,2.5,1.59590135110926
27,10.5,270,30,0,28.5,1.5,2.5,1.69442422524892
28.5,10.5,270,30,0,30.5,1.5,2.02,-3.36404735320923
28.5,10.5,270,30,0,30.5,1.5,2.04,-3.09317992810149
28.5,10.5,270,30,0,30.5,1.5,2.06,-2.81689720632771
28.5,10.5,270,30,0,30.5,1.5,2.08,-2.53582532669197
28.5,10.5,270,30,0,30.5,1.5,2.12,-1.96231640024876
28.5,10.5,270,30,0,30.5,1.5,2.14,-1.67168483019506
28.5,10.5,270,30,0,30.5,1.5,2.16,-1.37991793421014
28.5,10.5,270,30,0,30.5,1.5,2.18,-1.08832382820801
28.5,10.5,270,30,0,30.5,1.5,2.22,-0.511967977395517
28.5,10.5,270,30,0,30.5,1.5,2.24,-0.23099529992208
28.5,10.5,270,30,0,30.5,1.5,2.26,0.0421661281850991
28.5,10.5,270,30,0,30.5,1.5,2.28,0.30486017376068
28.5,10.5,270,30,0,30.5,1.5,2.32,0.786529370917997
28.5,10.5,270,30,0,30.5,1.5,2.34,0.998533091550157
28.5,10.5,270,30,0,30.5,1.5,2.36,1.18621562929168
28.5,10.5,270,30,0,30.5,1.5,2.38,1.34554504706858
28.5,10.5,270,30,0,30.5,1.5,2.42,1.56323498731835
28.5,10.5,270,30,0,30.5,1.5,2.44,1.61436718720735
28.5,10.5,270,30,0,30.5,1.5,2.46,1.62313891456721
28.5,10.5,270,30,0,30.5,1.5,2.48,1.58762145493494
28.5,10.5,270,30,0,30.5,1.5,2.5,1.50684747790359
28.5,10.5,270,30,0,30.5,1.5,2.52,1.38092746763563
28.5,10.5,270,30,0,30.5,1.5,2.54,1.21107494811348
28.5,10.5,270,30,0,30.5,1.5,2.56,0.999505549597394
28.5,10.5,270,30,0,30.5,1.5,2.58,0.749251007433767
28.5,10.5,270,30,0,30.5,1.5,2.62,0.147521542945011
28.5,10.5,270,30,0,30.5,1.5,2.64,-0.195874039947676
28.5,10.5,270,30,0,30.5,1.5,2.66,-0.562202817299657
28.5,10.5,270,30,0,30.5,1.5,2.68,-0.947608344055301
28.5,10.5,270,30,0,30.5,1.5,2.72,-1.76174385291165
28.5,10.5,270,30,0,30.5,1.5,2.74,-2.18441706843333
28.5,10.5,270,30,0,30.5,1.5,2.76,-2.61407528486257
28.5,10.5,270,30,0,30.5,1.5,2.78,-3.04860106597359
28.5,10.5,270,30,0,30.5,1.5,2.82,-3.92538107669743
28.5,10.5,270,30,0,30.5,1.5,2.84,-4.36489824350483
28.5,10.5,270,30,0,30.5,1.5,2.86,-4.80374207091033
28.5,10.5,270,30,0,30.5,1.5,2.88,-5.2410971819618
28.5,10.5,270,30,0,30.5,1.5,2.92,-6.10890107720518
28.5,10.5,270,30,0,30.5,1.5,2.94,-6.53847079275125
28.5,10.5,270,30,0,30.5,1.5,2.96,-6.96475430894488
28.5,10.5,270,30,0,30.5,1.5,2.98,-7.3875696959385
27,10.5,360,30,0,28,1.5,2.5,1.81356025051221
27,10.5,360,30,1,28,1.5,2.5,1.81356025051221
27,10.5,360,30,2,28,1.5,2.5,1.81356025051221
27,10.5,360,30,3,28,1.5,2.5,1.81356025051221
27,10.5,360,30,4,28,1.5,2.5,1.81356025051221
27,10.5,360,30,5,28,1.5,2.5,1.81356025051221
27,10.5,360,30,0,28.5,1.5,2.5,1.79657481971784
28.5,10.5,360,30,0,30.5,1.5,2.02,-3.88506301178701
28.5,10.5,360,30,0,30.5,1.5,2.04,-3.5782877576347
28.5,10.5,360,30,0,30.5,1.5,2.06,-3.26556985673056
28.5,10.5,360,30,0,30.5,1.5,2.08,-2.94760911132373
28.5,10.5,360,30,0,30.5,1.5,2.12,-2.29927314844929
28.5,10.5,360,30,0,30.5,1.5,2.14,-1.97086402742252
28.5,10.5,360,30,0,30.5,1.5,2.16,-1.64118454158961
28.5,10.5,360,30,0,30.5,1.5,2.18,-1.31162214030381
28.5,10.5,360,30,0,30.5,1.5,2.22,-0.659466873755919
28.5,10.5,360,30,0,30.5,1.5,2.24,-0.3408057800219
28.5,10.5,360,30,0,30.5,1.5,2.26,-0.0301841747045458
28.5,10.5,360,30,0,30.5,1.5,2.28,0.269683028467385
28.5,10.5,360,30,0,30.5,1.5,2.32,0.82463210054278
28.5,10.5,360,30,0,30.5,1.5,2.34,1.0726553288919
28.5,10.5,360,30,0,30.5,1.5,2.36,1.29589616505471
28.5,10.5,360,30,0,30.5,1.5,2.38,1.49029493649795
28.5,10.5,360,30,0,30.5,1.5,2.42,1.77657597206127
28.5,10.5,360,30,0,30.5,1.5,2.44,1.86120445685122
28.5,10.5,360,30,0,30.5,1.5,2.46,1.90293212627603
28.5,10.5,360,30,0,30.5,1.5,2.48,1.89983155005179
28.5,10.5,360,30,0,30.5,1.5,2.5,1.85094180797996
28.5,10.5,360,30,0,30.5,1.5,2.52,1.75638517863121
28.5,10.5,360,30,0,30.5,1.5,2.54,1.61739205104323
28.5,10.5,360,30,0,30.5,1.5,2.56,1.4362001498059
28.5,10.5,360,30,0,30.5,1.5,2.58,1.21586863474747
28.5,10.5,360,30,0,30.5,1.5,2.62,0.672760149282897
28.5,10.5,360,30,0,30.5,1.5,2.64,0.35814665566791
28.5,10.5,360,30,0,30.5,1.5,2.66,0.0203151954473308
28.5,10.5,360,30,0,30.5,1.5,2.68,-0.33681811679184
28.5,10.5,360,30,0,30.5,1.5,2.72,-1.09480234505041
28.5,10.5,360,30,0,30.5,1.5,2.74,-1.48943146352222
28.5,10.5,360,30,0,30.5,1.5,2.76,-1.89093840847205
28.5,10.5,360,30,0,30.5,1.5,2.78,-2.29709431830069
28.5,10.5,360,30,0,30.5,1.5,2.82,-3.11596358303523
28.5,10.5,360,30,0,30.5,1.5,2.84,-3.52564382714389
28.5,10.5,360,30,0,30.5,1.5,2.86,-3.93383807248619
28.5,10.5,360,30,0,30.5,1.5,2.88,-4.33953992885013
28.5,10.5,360,30,0,30.5,1.5,2.92,-5.14017500925113
28.5,10.5,360,30,0,30.5,1.5,2.94,-5.53376491484058
28.5,10.5,360,30,0,30.5,1.5,2.96,-5.92214877180735
28.5,10.5,360,30,0,30.5,1.5,2.98,-6.30491717630479
27,10.5,0,60,0,28,1.5,2.5,-0.922119487434177
27,10.5,0,60,1,28,1.5,2.5,-0.922119487434176
27,10.5,0,60,2,28,1.5,2.5,-0.922119487434178
27,10.5,0,60,3,28,1.5,2.5,-0.922119487434174
27,10.5,0,60,4,28,1.5,2.5,-0.922119487434173
27,10.5,0,60,5,28,1.5,2.5,-0.922119487434176
27,10.5,0,60,0,28.5,1.5,2.5,-0.95188891878284
28.5,10.5,0,60,0,30.5,1.5,2.02,-7.54128575144193
28.5,10.5,0,60,0,30.5,1.5,2.04,-7.17511660550031
28.5,10.5,0,60,0,30.5,1.5,2.06,-6.80330368578575
28.5,10.5,0,60,0,30.5,1.5,2.08,-6.42674266363269
28.5,10.5,0,60,0,30.5,1.5,2.12,-5.6634177354437
28.5,10.5,0,60,0,30.5,1.5,2.14,-5.27894929993584
28.5,10.5,0,60,0,30.5,1.5,2.16,-4.89436119014196
28.5,10.5,0,60,0,30.5,1.5,2.18,-4.51116576441806
28.5,10.5,0,60,0,30.5,1.5,2.22,-3.75598782823261
28.5,10.5,0,60,0,30.5,1.5,2.24,-3.38810422690114
28.5,10.5,0,60,0,30.5,1.5,2.26,-3.02987143088996
28.5,10.5,0,60,0,30.5,1.5,2.28,-2.68405024116621
28.5,10.5,0,60,0,30.5,1.5,2.32,-2.04228392495332
28.5,10.5,0,60,0,30.5,1.5,2.34,-1.7534284943487
28.5,10.5,0,60,0,30.5,1.5,2.36,-1.49107752594818
28.5,10.5,0,60,0,30.5,1.5,2.38,-1.25928374017789
28.5,10.5,0,60,0,30.5,1.5,2.42,-0.903298382388197
28.5,10.5,0,60,0,30.5,1.5,2.44,-0.786318336207806
28.5,10.5,0,60,0,30.5,1.5,2.46,-0.713871566468244
28.5,10.5,0,60,0,30.5,1.5,2.48,-0.687856513932043
28.5,10.5,0,60,0,30.5,1.5,2.5,-0.709203178824386
28.5,10.5,0,60,0,30.5,1.5,2.52,-0.777757330419172
28.5,10.5,0,60,0,30.5,1.5,2.54,-0.892256132682541
28.5,10.5,0,60,0,30.5,1.5,2.56,-1.05042917137889
28.5,10.5,0,60,0,30.5,1.5,2.58,-1.24918479270442
28.5,10.5,0,60,0,30.5,1.5,2.62,-1.75334093820084
28.5,10.5,0,60,0,30.5,1.5,2.64,-2.0505143395629
28.5,10.5,0,60,0,30.5,1.5,2.66,-2.37222055918152
28.5,10.5,0,60,0,30.5,1.5,2.68,-2.71451141248122
28.5,10.5,0,60,0,30.5,1.5,2.72,-3.44652712853495
28.5,10.5,0,60,0,30.5,1.5,2.74,-3.82996034686139
28.5,10.5,0,60,0,30.5,1.5,2.76,-4.2214134836141
28.5,10.5,0,60,0,30.5,1.5,2.78,-4.61861596952613
28.5,10.5,0,60,0,30.5,1.5,2.82,-5.42268995836148
28.5,10.5,0,60,0,30.5,1.5,2.84,-5.82641918391338
28.5,10.5,0,60,0,30.5,1.5,2.86,-6.2295421303825
28.5,10.5,0,60,0,30.5,1.5,2.88,-6.63097830720504
28.5,10.5,0,60,0,30.5,1.5,2.92,-7.42515467023408
28.5,10.5,0,60,0,30.5,1.5,2.94,-7.81635563500694
28.5,10.5,0,60,0,30.5,1.5,2.96,-8.20276914646653
28.5,10.5,0,60,0,30.5,1.5,2.98,-8.58388252611835
27,10.5,90,60,0,28,1.5,2.5,-2.1389589571381
27,10.5,90,60,1,28,1.5,2.5,-2.1389589571381
27,10.5,90,60,2,28,1.5,2.5,-2.1389589571381
27,10.5,90,60,3,28,1.5,2.5,-2.1389589571381
27,10.5,90,60,4,28,1.5,2.5,-2.1389589571381
27,10.5,90,60,5,28,1.5,2.5,-2.1389589571381
27,10.5,90,60,0,28.5,1.5,2.5,-2.07102494348791
28.5,10.5,90,60,0,30.5,1.5,2.02,-6.76265110532836
28.5,10.5,90,60,0,30.5,1.5,2.04,-6.52834924838429
28.5,10.5,90,60,0,30.5,1.5,2.06,-6.28594750716423
28.5,10.5,90,60,0,30.5,1.5,2.08,-6.03591227072882
28.5,10.5,90,60,0,30.5,1.5,2.12,-5.51541697867489
28.5,10.5,90,60,0,30.5,1.5,2.14,-5.24655956631469
28.5,10.5,90,60,0,30.5,1.5,2.16,-4.97331802237145
28.5,10.5,90,60,0,30.5,1.5,2.18,-4.69696098249713
28.5,10.5,90,60,0,30.5,1.5,2.22,-4.14117091222868
28.5,10.5,90,60,0,30.5,1.5,2.24,-3.86555601134845
28.5,10.5,90,60,0,30.5,1.5,2.26,-3.59451695125413
28.5,10.5,90,60,0,30.5,1.5,2.28,-3.33076273698797
28.5,10.5,90,60,0,30.5,1.5,2.32,-2.83768081085741
28.5,10.5,90,60,0,30.5,1.5,2.34,-2.61546409626641
28.5,10.5,90,60,0,30.5,1.5,2.36,-2.41465878780131
28.5,10.5,90,60,0,30.5,1.5,2.38,-2.23936452299523
28.5,10.5,90,60,0,30.5,1.5,2.42,-1.98145972446623
28.5,10.5,90,60,0,30.5,1.5,2.44,-1.90617683939252
28.5,10.5,90,60,0,30.5,1.5,2.46,-1.87060790576165
28.5,10.5,90,60,0,30.5,1.5,2.48,-1.87670418815623
28.5,10.5,90,60,0,30.5,1.5,2.5,-1.92544293704042
28.5,10.5,90,60,0,30.5,1.5,2.52,-2.01671099691896
28.5,10.5,90,60,0,30.5,1.5,2.54,-2.14927947989881
28.5,10.5,90,60,0,30.5,1.5,2.56,-2.32090483992352
28.5,10.5,90,60,0,30.5,1.5,2.58,-2.52851541289707
28.5,10.5,90,60,0,30.5,1.5,2.62,-3.03663872529814
28.5,10.5,90,60,0,30.5,1.5,2.64,-3.32893581589515
28.5,10.5,90,60,0,30.5,1.5,2.66,-3.64119402515362
28.5,10.5,90,60,0,30.5,1.5,2.68,-3.96946339226497
28.5,10.5,90,60,0,30.5,1.5,2.72,-4.65970591635597
28.5,10.5,90,60,0,30.5,1.5,2.74,-5.01538568146279
28.5,10.5,90,60,0,30.5,1.5,2.76,-5.37451051410372
28.5,10.5,90,60,0,30.5,1.5,2.78,-5.73481690258565
28.5,10.5,90,60,0,30.5,1.5,2.82,-6.45144850094298
28.5,10.5,90,60,0,30.5,1.5,2.84,-6.80467108172923
28.5,10.5,90,60,0,30.5,1.5,2.86,-7.15279864628008
28.5,10.5,90,60,0,30.5,1.5,2.88,-7.494781835445
28.5,10.5,90,60,0,30.5,1.5,2.92,-8.15680509989446
28.5,10.5,90,60,0,30.5,1.5,2.94,-8.47535272421725
28.5,10.5,90,60,0,30.5,1.5,2.96,-8.78472367645491
28.5,10.5,90,60,0,30.5,1.5,2.98,-9.08433233045443
27,10.5,180,60,0,28,1.5,2.5,-0.929742363075035
27,10.5,180,60,1,28,1.5,2.5,-0.929742363075032
27,10.5,180,60,2,28,1.5,2.5,-0.929742363075034
27,10.5,180,60,3,28,1.5,2.5,-0.92974236307503
27,10.5,180,60,4,28,1.5,2.5,-0.929742363075031
27,10.5,180,60,5,28,1.5,2.5,-0.929742363075033
27,10.5,180,60,0,28.5,1.5,2.5,-0.904622455867226
28.5,10.5,180,60,0,30.5,1.5,2.02,-7.27502226247824
28.5,10.5,180,60,0,30.5,1.5,2.04,-6.92244123305488
28.5,10.5,180,60,0,30.5,1.5,2.06,-6.56367689805216
28.5,10.5,180,60,0,30.5,1.5,2.08,-6.19966923995868
28.5,10.5,180,60,0,30.5,1.5,2.12,-5.46011975861702
28.5,10.5,180,60,0,30.5,1.5,2.14,-5.08694168027948
28.5,10.5,180,60,0,30.5,1.5,2.16,-4.71328588734104
28.5,10.5,180,60,0,30.5,1.5,2.18,-4.34069196815898
28.5,10.5,180,60,0,30.5,1.5,2.22,-3.60582056057999
28.5,10.5,180,60,0,30.5,1.5,2.24,-3.24768491264736
28.5,10.5,180,60,0,30.5,1.5,2.26,-2.89895519836224
28.5,10.5,180,60,0,30.5,1.5,2.28,-2.56240898109945
28.5,10.5,180,60,0,30.5,1.5,2.32,-1.93856745858353
28.5,10.5,180,60,0,30.5,1.5,2.34,-1.65838783003324
28.5,10.5,180,60,0,30.5,1.5,2.36,-1.40453679541358
28.5,10.5,180,60,0,30.5,1.5,2.38,-1.18107710314321
28.5,10.5,180,60,0,30.5,1.5,2.42,-0.841297294816395
28.5,10.5,180,60,0,30.5,1.5,2.44,-0.732204245925779
28.5,10.5,180,60,0,30.5,1.5,2.46,-0.667510007202167
28.5,10.5,180,60,0,30.5,1.5,2.48,-0.649119067269119
28.5,10.5,180,60,0,30.5,1.5,2.5,-0.67796722028691
28.5,10.5,180,60,0,30.5,1.5,2.52,-0.753905827272183
28.5,10.5,180,60,0,30.5,1.5,2.54,-0.875677188161908
28.5,10.5,180,60,0,30.5,1.5,2.56,-1.04101599979893
28.5,10.5,180,60,0,30.5,1.5,2.58,-1.24683558931939
28.5,10.5,180,60,0,30.5,1.5,2.62,-1.7648349738522
28.5,10.5,180,60,0,30.5,1.5,2.64,-2.06879807963606
28.5,10.5,180,60,0,30.5,1.5,2.66,-2.39721366044348
28.5,10.5,180,60,0,30.5,1.5,2.68,-2.7461394778997
28.5,10.5,180,60,0,30.5,1.5,2.72,-3.49122853254467
28.5,10.5,180,60,0,30.5,1.5,2.74,-3.88111486566684
28.5,10.5,180,60,0,30.5,1.5,2.76,-4.27897608196821
28.5,10.5,180,60,0,30.5,1.5,2.78,-4.68255031550147
28.5,10.5,180,60,0,30.5,1.5,2.82,-5.49929544013728
28.5,10.5,180,60,0,30.5,1.5,2.84,-5.90934171969758
28.5,10.5,180,60,0,30.5,1.5,2.86,-6.31877903582543
28.5,10.5,180,60,0,30.5,1.5,2.88,-6.72652961990833
28.5,10.5,180,60,0,30.5,1.5,2.92,-7.53329797731001
28.5,10.5,180,60,0,30.5,1.5,2.94,-7.93070291689871
28.5,10.5,180,60,0,30.5,1.5,2.96,-8.32312679572371
28.5,10.5,180,60,0,30.5,1.5,2.98,-8.70981150350932
27,10.5,270,60,0,28,1.5,2.5,-1.99478406639798
27,10.5,270,60,1,28,1.5,2.5,-1.99478406639798
27,10.5,270,60,2,28,1.5,2.5,-1.99478406639798
27,10.5,270,60,3,28,1.5,2.5,-1.99478406639798
27,10.5,270,60,4,28,1.5,2.5,-1.99478406639798
27,10.5,270,60,5,28,1.5,2.5,-1.99478406639798
27,10.5,270,60,0,28.5,1.5,2.5,-1.82915997965385
28.5,10.5,270,60,0,30.5,1.5,2.02,-5.91930632476132
28.5,10.5,270,60,0,30.5,1.5,2.04,-5.7055023630746
28.5,10.5,270,60,0,30.5,1.5,2.06,-5.48630557413774
28.5,10.5,270,60,0,30.5,1.5,2.08,-5.26222431952397
28.5,10.5,270,60,0,30.5,1.5,2.12,-4.80193341802619
28.5,10.5,270,60,0,30.5,1.5,2.14,-4.56729022312987
28.5,10.5,270,60,0,30.5,1.5,2.16,-4.33094035052558
28.5,10.5,270,60,0,30.5,1.5,2.18,-4.09407636966328
28.5,10.5,270,60,0,30.5,1.5,2.22,-3.62467410577479
28.5,10.5,270,60,0,30.5,1.5,2.24,-3.3957115602533
28.5,10.5,270,60,0,30.5,1.5,2.26,-3.17344770456
28.5,10.5,270,60,0,30.5,1.5,2.28,-2.96044348795707
28.5,10.5,270,60,0,30.5,1.5,2.32,-2.5741739756228
28.5,10.5,270,60,0,30.5,1.5,2.34,-2.4077136625249
28.5,10.5,270,60,0,30.5,1.5,2.36,-2.26403339321082
28.5,10.5,270,60,0,30.5,1.5,2.38,-2.14709280175752
28.5,10.5,270,60,0,30.5,1.5,2.42,-2.0090699554157
28.5,10.5,270,60,0,30.5,1.5,2.44,-1.99508994295522
28.5,10.5,270,60,0,30.5,1.5,2.46,-2.02160430490479
28.5,10.5,270,60,0,30.5,1.5,2.48,-2.09048727538242
28.5,10.5,270,60,0,30.5,1.5,2.5,-2.20265514023905
28.5,10.5,270,60,0,30.5,1.5,2.52,-2.35795020967881
28.5,10.5,270,60,0,30.5,1.5,2.54,-2.55511621886303
28.5,10.5,270,60,0,30.5,1.5,2.56,-2.79189987871006
28.5,10.5,270,60,0,30.5,1.5,2.58,-3.0652376644097
28.5,10.5,270,60,0,30.5,1.5,2.62,-3.70664948619458
28.5,10.5,270,60,0,30.5,1.5,2.64,-4.0666205085531
28.5,10.5,270,60,0,30.5,1.5,2.66,-4.44734896479787
28.5,10.5,270,60,0,30.5,1.5,2.68,-4.84499469701904
28.5,10.5,270,60,0,30.5,1.5,2.72,-5.67726726595294
28.5,10.5,270,60,0,30.5,1.5,2.74,-6.10594432011711
28.5,10.5,270,60,0,30.5,1.5,2.76,-6.5396629852032
28.5,10.5,270,60,0,30.5,1.5,2.78,-6.97640281016676
28.5,10.5,270,60,0,30.5,1.5,2.82,-7.85255075612702
28.5,10.5,270,60,0,30.5,1.5,2.84,-8.28950422575337
28.5,10.5,270,60,0,30.5,1.5,2.86,-8.72449971431524
28.5,10.5,270,60,0,30.5,1.5,2.88,-9.15689695688968
28.5,10.5,270,60,0,30.5,1.5,2.92,-10.0121856273382
28.5,10.5,270,60,0,30.5,1.5,2.94,-10.4345569517738
28.5,10.5,270,60,0,30.5,1.5,2.96,-10.8532332037476
28.5,10.5,270,60,0,30.5,1.5,2.98,-11.2681639349308
27,10.5,360,60,0,28,1.5,2.5,-0.922119487434175
27,10.5,360,60,1,28,1.5,2.5,-0.922119487434174
27,10.5,360,60,2,28,1.5,2.5,-0.922119487434177
27,10.5,360,60,3,28,1.5,2.5,-0.922119487434174
27,10.5,360,60,4,28,1.5,2.5,-0.922119487434174
27,10.5,360,60,5,28,1.5,2.5,-0.922119487434176
27,10.5,360,60,0,28.5,1.5,2.5,-0.95188891878284
28.5,10.5,360,60,0,30.5,1.5,2.02,-7.54128575144193
28.5,10.5,360,60,0,30.5,1.5,2.04,-7.17511660550031
28.5,10.5,360,60,0,30.5,1.5,2.06,-6.80330368578575
28.5,10.5,360,60,0,30.5,1.5,2.08,-6.42674266363269
28.5,10.5,360,60,0,30.5,1.5,2.12,-5.6634177354437
28.5,10.5,360,60,0,30.5,1.5,2.14,-5.27894929993584
28.5,10.5,360,60,0,30.5,1.5,2.16,-4.89436119014196
28.5,10.5,360,60,0,30.5,1.5,2.18,-4.51116576441806
28.5,10.5,360,60,0,30.5,1.5,2.22,-3.75598782823261
28.5,10.5,360,60,0,30.5,1.5,2.24,-3.38810422690114
28.5,10.5,360,60,0,30.5,1.5,2.26,-3.02987143088996
28.5,10.5,360,60,0,30.5,1.5,2.28,-2.68405024116621
28.5,10.5,360,60,0,30.5,1.5,2.32,-2.04228392495332
28.5,10.5,360,60,0,30.5,1.5,2.34,-1.7534284943487
28.5,10.5,360,60,0,30.5,1.5,2.36,-1.49107752594818
28.5,10.5,360,60,0,30.5,1.5,2.38,-1.25928374017789
28.5,10.5,360,60,0,30.5,1.5,2.42,-0.903298382388197
28.5,10.5,360,60,0,30.5,1.5,2.44,-0.786318336207808
28.5,10.5,360,60,0,30.5,1.5,2.46,-0.713871566468246
28.5,10.5,360,60,0,30.5,1.5,2.48,-0.687856513932043
28.5,10.5,360,60,0,30.5,1.5,2.5,-0.709203178824386
28.5,10.5,360,60,0,30.5,1.5,2.52,-0.777757330419171
28.5,10.5,360,60,0,30.5,1.5,2.54,-0.89225613268254
28.5,10.5,360,60,0,30.5,1.5,2.56,-1.05042917137889
28.5,10.5,360,60,0,30.5,1.5,2.58,-1.24918479270442
28.5,10.5,360,60,0,30.5,1.5,2.62,-1.75334093820084
28.5,10.5,360,60,0,30.5,1.5,2.64,-2.0505143395629
28.5,10.5,360,60,0,30.5,1.5,2.66,-2.37222055918152
28.5,10.5,360,60,0,30.5,1.5,2.68,-2.71451141248122
28.5,10.5,360,60,0,30.5,1.5,2.72,-3.44652712853495
28.5,10.5,360,60,0,30.5,1.5,2.74,-3.82996034686139
28.5,10.5,360,60,0,30.5,1.5,2.76,-4.2214134836141
28.5,10.5,360,60,0,30.5,1.5,2.78,-4.61861596952613
28.5,10.5,360,60,0,30.5,1.5,2.82,-5.42268995836148
28.5,10.5,360,60,0,30.5,1.5,2.84,-5.82641918391339
28.5,10.5,360,60,0,30.5,1.5,2.86,-6.2295421303825
28.5,10.5,360,60,0,30.5,1.5,2.88,-6.63097830720504
28.5,10.5,360,60,0,30.5,1.5,2.92,-7.42515467023408
28.5,10.5,360,60,0,30.5,1.5,2.94,-7.81635563500694
28.5,10.5,360,60,0,30.5,1.5,2.96,-8.20276914646653
28.5,10.5,360,60,0,30.5,1.5,2.98,-8.58388252611835
27,10.5,0,90,0,28,1.5,2.5,-4.79237499904876
27,10.5,0,90,1,28,1.5,2.5,-4.79237499904876
27,10.5,0,90,2,28,1.5,2.5,-4.79237499904876
27,10.5,0,90,3,28,1.5,2.5,-4.79237499904876
27,10.5,0,90,4,28,1.5,2.5,-4.79237499904876
27,10.5,0,90,5,28,1.5,2.5,-4.79237499904876
27,10.5,0,90,0,28.5,1.5,2.5,-4.86888157217082
28.5,10.5,0,90,0,30.5,1.5,2.02,-13.7390145822673
28.5,10.5,0,90,0,30.5,1.5,2.04,-13.2061425699607
28.5,10.5,0,90,0,30.5,1.5,2.06,-12.6711419637463
28.5,10.5,0,90,0,30.5,1.5,2.08,-12.1353296645997
28.5,10.5,0,90,0,30.5,1.5,2.12,-11.0664955272194
28.5,10.5,0,90,0,30.5,1.5,2.14,-10.5361445415116
28.5,10.5,0,90,0,30.5,1.5,2.16,-10.0103824968983
28.5,10.5,0,90,0,30.5,1.5,2.18,-9.49074070205545
28.5,10.5,0,90,0,30.5,1.5,2.22,-8.47668632870838
28.5,10.5,0,90,0,30.5,1.5,2.24,-7.98619366160704
28.5,10.5,0,90,0,30.5,1.5,2.26,-7.50973550048422
28.5,10.5,0,90,0,30.5,1.5,2.28,-7.04991802897182
28.5,10.5,0,90,0,30.5,1.5,2.32,-6.19215340995264
28.5,10.5,0,90,0,30.5,1.5,2.34,-5.80092401644384
28.5,10.5,0,90,0,30.5,1.5,2.36,-5.43969173158998
28.5,10.5,0,90,0,30.5,1.5,2.38,-5.1123130348501
28.5,10.5,0,90,0,30.5,1.5,2.42,-4.57426507247726
28.5,10.5,0,90,0,30.5,1.5,2.44,-4.37042267125358
28.5,10.5,0,90,0,30.5,1.5,2.46,-4.21364321584184
28.5,10.5,0,90,0,30.5,1.5,2.48,-4.10564445413838
28.5,10.5,0,90,0,30.5,1.5,2.5,-4.0471815399222
28.5,10.5,0,90,0,30.5,1.5,2.52,-4.03793213417969
28.5,10.5,0,90,0,30.5,1.5,2.54,-4.07647193296889
28.5,10.5,0,90,0,30.5,1.5,2.56,-4.16037627002878
28.5,10.5,0,90,0,30.5,1.5,2.58,-4.28640646393642
28.5,10.5,0,90,0,30.5,1.5,2.62,-4.64919051436462
28.5,10.5,0,90,0,30.5,1.5,2.64,-4.87746057648629
28.5,10.5,0,90,0,30.5,1.5,2.66,-5.13129344741887
28.5,10.5,0,90,0,30.5,1.5,2.68,-5.40663165358326
28.5,10.5,0,90,0,30.5,1.5,2.72,-6.00710707010833
28.5,10.5,0,90,0,30.5,1.5,2.74,-6.32577411066827
28.5,10.5,0,90,0,30.5,1.5,2.76,-6.65302545043387
28.5,10.5,0,90,0,30.5,1.5,2.78,-6.98652258563892
28.5,10.5,0,90,0,30.5,1.5,2.82,-7.66445000519848
28.5,10.5,0,90,0,30.5,1.5,2.84,-8.00564969767537
28.5,10.5,0,90,0,30.5,1.5,2.86,-8.34656353955335
28.5,10.5,0,90,0,30.5,1.5,2.88,-8.68609283670408
28.5,10.5,0,90,0,30.5,1.5,2.92,-9.3573397621155
28.5,10.5,0,90,0,30.5,1.5,2.94,-9.68753036101802
28.5,10.5,0,90,0,30.5,1.5,2.96,-10.0132534755113
28.5,10.5,0,90,0,30.5,1.5,2.98,-10.3340044131501
27,10.5,90,90,0,28,1.5,2.5,-7.52846252972514
27,10.5,90,90,1,28,1.5,2.5,-7.52846252972514
27,10.5,90,90,2,28,1.5,2.5,-7.52846252972514
27,10.5,90,90,3,28,1.5,2.5,-7.52846252972514
27,10.5,90,90,4,28,1.5,2.5,-7.52846252972514
27,10.5,90,90,5,28,1.5,2.5,-7.52846252972514
27,10.5,90,90,0,28.5,1.5,2.5,-7.53172376567617
28.5,10.5,90,90,0,30.5,1.5,2.02,-8.99300961780328
28.5,10.5,90,90,0,30.5,1.5,2.04,-8.89406814970842
28.5,10.5,90,90,0,30.5,1.5,2.06,-8.79207977460934
28.5,10.5,90,90,0,30.5,1.5,2.08,-8.68726232475764
28.5,10.5,90,90,0,30.5,1.5,2.12,-8.47032979015055
28.5,10.5,90,90,0,30.5,1.5,2.14,-8.35903255949871
28.5,10.5,90,90,0,30.5,1.5,2.16,-8.24659262121422
28.5,10.5,90,90,0,30.5,1.5,2.18,-8.1337611636148
28.5,10.5,90,90,0,30.5,1.5,2.22,-7.91093187220127
28.5,10.5,90,90,0,30.5,1.5,2.24,-7.80354683780515
28.5,10.5,90,90,0,30.5,1.5,2.26,-7.70106708144879
28.5,10.5,90,90,0,30.5,1.5,2.28,-7.60556177221547
28.5,10.5,90,90,0,30.5,1.5,2.32,-7.44549961843296
28.5,10.5,90,90,0,30.5,1.5,2.34,-7.38681125458823
28.5,10.5,90,90,0,30.5,1.5,2.36,-7.34675482277282
28.5,10.5,90,90,0,30.5,1.5,2.38,-7.32887442137399
28.5,10.5,90,90,0,30.5,1.5,2.42,-7.37376819643958
28.5,10.5,90,90,0,30.5,1.5,2.44,-7.44297415873137
28.5,10.5,90,90,0,30.5,1.5,2.46,-7.54677702131201
28.5,10.5,90,90,0,30.5,1.5,2.48,-7.6868177767554
28.5,10.5,90,90,0,30.5,1.5,2.5,-7.86382550504179
28.5,10.5,90,90,0,30.5,1.5,2.52,-8.07750477094552
28.5,10.5,90,90,0,30.5,1.5,2.54,-8.32651293681206
28.5,10.5,90,90,0,30.5,1.5,2.56,-8.60856438649683
28.5,10.5,90,90,0,30.5,1.5,2.58,-8.92061923470988
28.5,10.5,90,90,0,30.5,1.5,2.62,-9.62019217160356
28.5,10.5,90,90,0,30.5,1.5,2.64,-9.99994084053191
28.5,10.5,90,90,0,30.5,1.5,2.66,-10.3945615366787
28.5,10.5,90,90,0,30.5,1.5,2.68,-10.8005192375976
28.5,10.5,90,90,0,30.5,1.5,2.72,-11.6341416733873
28.5,10.5,90,90,0,30.5,1.5,2.74,-12.0566954269755
28.5,10.5,90,90,0,30.5,1.5,2.76,-12.4803742161795
28.5,10.5,90,90,0,30.5,1.5,2.78,-12.9036477562323
28.5,10.5,90,90,0,30.5,1.5,2.82,-13.7445795454925
28.5,10.5,90,90,0,30.5,1.5,2.84,-14.1607590764785
28.5,10.5,90,90,0,30.5,1.5,2.86,-14.5734748199838
28.5,10.5,90,90,0,30.5,1.5,2.88,-14.9824788026404
28.5,10.5,90,90,0,30.5,1.5,2.92,-15.7888155076896
28.5,10.5,90,90,0,30.5,1.5,2.94,-16.1859418588244
28.5,10.5,90,90,0,30.5,1.5,2.96,-16.5788253838883
28.5,10.5,90,90,0,30.5,1.5,2.98,-16.9671501345629
27,10.5,180,90,0,28,1.5,2.5,-4.78965255023588
27,10.5,180,90,1,28,1.5,2.5,-4.78965255023588
27,10.5,180,90,2,28,1.5,2.5,-4.78965255023588
27,10.5,180,90,3,28,1.5,2.5,-4.78965255023588
27,10.5,180,90,4,28,1.5,2.5,-4.78965255023587
27,10.5,180,90,5,28,1.5,2.5,-4.78965255023588
27,10.5,180,90,0,28.5,1.5,2.5,-4.70398943203712
28.5,10.5,180,90,0,30.5,1.5,2.02,-13.3582971812174
28.5,10.5,180,90,0,30.5,1.5,2.04,-12.8422848743771
28.5,10.5,180,90,0,30.5,1.5,2.06,-12.3232386103439
28.5,10.5,180,90,0,30.5,1.5,2.08,-11.8025300769763
28.5,10.5,180,90,0,30.5,1.5,2.12,-10.7615532290212
28.5,10.5,180,90,0,30.5,1.5,2.14,-10.2440491870459
28.5,10.5,180,90,0,30.5,1.5,2.16,-9.73047140565158
28.5,10.5,180,90,0,30.5,1.5,2.18,-9.22239248366422
28.5,10.5,180,90,0,30.5,1.5,2.22,-8.22975380589478
28.5,10.5,180,90,0,30.5,1.5,2.24,-7.7491855374597
28.5,10.5,180,90,0,30.5,1.5,2.26,-7.28217368350555
28.5,10.5,180,90,0,30.5,1.5,2.28,-6.83135473957442
28.5,10.5,180,90,0,30.5,1.5,2.32,-5.99035523627843
28.5,10.5,180,90,0,30.5,1.5,2.34,-5.60694349816462
28.5,10.5,180,90,0,30.5,1.5,2.36,-5.25318313504635
28.5,10.5,180,90,0,30.5,1.5,2.38,-4.93295208253206
28.5,10.5,180,90,0,30.5,1.5,2.42,-4.40830402620649
28.5,10.5,180,90,0,30.5,1.5,2.44,-4.21074977755855
28.5,10.5,180,90,0,30.5,1.5,2.46,-4.06000620972752
28.5,10.5,180,90,0,30.5,1.5,2.48,-3.95780631075536
28.5,10.5,180,90,0,30.5,1.5,2.5,-3.90492013958497
28.5,10.5,180,90,0,30.5,1.5,2.52,-3.90103948522241
28.5,10.5,180,90,0,30.5,1.5,2.54,-3.94475372819287
28.5,10.5,180,90,0,30.5,1.5,2.56,-4.03365171827618
28.5,10.5,180,90,0,30.5,1.5,2.58,-4.16450801320242
28.5,10.5,180,90,0,30.5,1.5,2.62,-4.53649529803498
28.5,10.5,180,90,0,30.5,1.5,2.64,-4.76916959119938
28.5,10.5,180,90,0,30.5,1.5,2.66,-5.02729410720337
28.5,10.5,180,90,0,30.5,1.5,2.68,-5.30682615040193
28.5,10.5,180,90,0,30.5,1.5,2.72,-5.91545910663846
28.5,10.5,180,90,0,30.5,1.5,2.74,-6.23812423309486
28.5,10.5,180,90,0,30.5,1.5,2.76,-6.56934450129896
28.5,10.5,180,90,0,30.5,1.5,2.78,-6.90680150948121
28.5,10.5,180,90,0,30.5,1.5,2.82,-7.59270854745335
28.5,10.5,180,90,0,30.5,1.5,2.84,-7.93797430151809
28.5,10.5,180,90,0,30.5,1.5,2.86,-8.28303690782665
28.5,10.5,180,90,0,30.5,1.5,2.88,-8.62682097427069
28.5,10.5,180,90,0,30.5,1.5,2.92,-9.30696934327193
28.5,10.5,180,90,0,30.5,1.5,2.94,-9.64181436001848
28.5,10.5,180,90,0,30.5,1.5,2.96,-9.97228347945692
28.5,10.5,180,90,0,30.5,1.5,2.98,-10.2977450520882
27,10.5,270,90,0,28,1.5,2.5,-8.08717468398516
27,10.5,270,90,1,28,1.5,2.5,-8.08717468398516
27,10.5,270,90,2,28,1.5,2.5,-8.08717468398516
27,10.5,270,90,3,28,1.5,2.5,-8.08717468398516
27,10.5,270,90,4,28,1.5,2.5,-8.08717468398516
27,10.5,270,90,5,28,1.5,2.5,-8.08717468398516
27,10.5,270,90,0,28.5,1.5,2.5,-7.87537444233068
28.5,10.5,270,90,0,30.5,1.5,2.02,-9.26429771342692
28.5,10.5,270,90,0,30.5,1.5,2.04,-9.1713331756651
28.5,10.5,270,90,0,30.5,1.5,2.06,-9.07581288011586
28.5,10.5,270,90,0,30.5,1.5,2.08,-8.97798679012318
28.5,10.5,270,90,0,30.5,1.5,2.12,-8.77674421303287
28.5,10.5,270,90,0,30.5,1.5,2.14,-8.67421507743586
28.5,10.5,270,90,0,30.5,1.5,2.16,-8.57120212068846
28.5,10.5,270,90,0,30.5,1.5,2.18,-8.46848475016727
28.5,10.5,270,90,0,30.5,1.5,2.22,-8.26802769850123
28.5,10.5,270,90,0,30.5,1.5,2.24,-8.17292154938097
28.5,10.5,270,90,0,30.5,1.5,2.26,-8.08344585695679
28.5,10.5,270,90,0,30.5,1.5,2.28,-8.00165178969
28.5,10.5,270,90,0,30.5,1.5,2.32,-7.8709867102125
28.5,10.5,270,90,0,30.5,1.5,2.34,-7.82786946237294
28.5,10.5,270,90,0,30.5,1.5,2.36,-7.80385875429927
28.5,10.5,270,90,0,30.5,1.5,2.38,-7.80239388545618
28.5,10.5,270,90,0,30.5,1.5,2.42,-7.88070436032798
28.5,10.5,270,90,0,30.5,1.5,2.44,-7.96659632718304
28.5,10.5,270,90,0,30.5,1.5,2.46,-8.08682432599548
28.5,10.5,270,90,0,30.5,1.5,2.48,-8.24281852401062
28.5,10.5,270,90,0,30.5,1.5,2.5,-8.43507685245821
28.5,10.5,270,90,0,30.5,1.5,2.52,-8.66305384083656
28.5,10.5,270,90,0,30.5,1.5,2.54,-8.92513951740072
28.5,10.5,270,90,0,30.5,1.5,2.56,-9.21876565413239
28.5,10.5,270,90,0,30.5,1.5,2.58,-9.54059594561155
28.5,10.5,270,90,0,30.5,1.5,2.62,-10.2530868148181
28.5,10.5,270,90,0,30.5,1.5,2.64,-10.6353406496545
28.5,10.5,270,90,0,30.5,1.5,2.66,-11.0293969786473
28.5,10.5,270,90,0,30.5,1.5,2.68,-11.4313911152494
28.5,10.5,270,90,0,30.5,1.5,2.72,-12.2455516303082
28.5,10.5,270,90,0,30.5,1.5,2.74,-12.6519271967984
28.5,10.5,270,90,0,30.5,1.5,2.76,-13.05466341508
28.5,10.5,270,90,0,30.5,1.5,2.78,-13.4518634807834
28.5,10.5,270,90,0,30.5,1.5,2.82,-14.2236885713503
28.5,10.5,270,90,0,30.5,1.5,2.84,-14.5959767748057
28.5,10.5,270,90,0,30.5,1.5,2.86,-14.9579393097694
28.5,10.5,270,90,0,30.5,1.5,2.88,-15.3087921747235
28.5,10.5,270,90,0,30.5,1.5,2.92,-15.9742166713116
28.5,10.5,270,90,0,30.5,1.5,2.94,-16.2872372568971
28.5,10.5,270,90,0,30.5,1.5,2.96,-16.585942105981
28.5,10.5,270,90,0,30.5,1.5,2.98,-16.8692557184334
27,10.5,360,90,0,28,1.5,2.5,-4.79237499904876
27,10.5,360,90,1,28,1.5,2.5,-4.79237499904876
27,10.5,360,90,2,28,1.5,2.5,-4.79237499904876
27,10.5,360,90,3,28,1.5,2.5,-4.79237499904876
27,10.5,360,90,4,28,1.5,2.5,-4.79237499904876
27,10.5,360,90,5,28,1.5,2.5,-4.79237499904876
27,10.5,360,90,0,28.5,1.5,2.5,-4.86888157217082
28.5,10.5,360,90,0,30.5,1.5,2.02,-13.7390145822673
28.5,10.5,360,90,0,30.5,1.5,2.04,-13.2061425699607
28.5,10.5,360,90,0,30.5,1.5,2.06,-12.6711419637463
28.5,10.5,360,90,0,30.5,1.5,2.08,-12.1353296645997
28.5,10.5,360,90,0,30.5,1.5,2.12,-11.0664955272194
28.5,10.5,360,90,0,30.5,1.5,2.14,-10.5361445415116
28.5,10.5,360,90,0,30.5,1.5,2.16,-10.0103824968983
28.5,10.5,360,90,0,30.5,1.5,2.18,-9.49074070205545
28.5,10.5,360,90,0,30.5,1.5,2.22,-8.47668632870838
28.5,10.5,360,90,0,30.5,1.5,2.24,-7.98619366160704
28.5,10.5,360,90,0,30.5,1.5,2.26,-7.50973550048422
28.5,10.5,360,90,0,30.5,1.5,2.28,-7.04991802897182
28.5,10.5,360,90,0,30.5,1.5,2.32,-6.19215340995264
28.5,10.5,360,90,0,30.5,1.5,2.34,-5.80092401644383
28.5,10.5,360,90,0,30.5,1.5,2.36,-5.43969173158998
28.5,10.5,360,90,0,30.5,1.5,2.38,-5.1123130348501
28.5,10.5,360,90,0,30.5,1.5,2.42,-4.57426507247726
28.5,10.5,360,90,0,30.5,1.5,2.44,-4.37042267125358
28.5,10.5,360,90,0,30.5,1.5,2.46,-4.21364321584184
28.5,10.5,360,90,0,30.5,1.5,2.48,-4.10564445413838
28.5,10.5,360,90,0,30.5,1.5,2.5,-4.0471815399222
28.5,10.5,360,90,0,30.5,1.5,2.52,-4.03793213417968
28.5,10.5,360,90,0,30.5,1.5,2.54,-4.07647193296888
28.5,10.5,360,90,0,30.5,1.5,2.56,-4.16037627002878
28.5,10.5,360,90,0,30.5,1.5,2.58,-4.28640646393642
28.5,10.5,360,90,0,30.5,1.5,2.62,-4.64919051436462
28.5,10.5,360,90,0,30.5,1.5,2.64,-4.87746057648629
28.5,10.5,360,90,0,30.5,1.5,2.66,-5.13129344741887
28.5,10.5,360,90,0,30.5,1.5,2.68,-5.40663165358326
28.5,10.5,360,90,0,30.5,1.5,2.72,-6.00710707010833
28.5,10.5,360,90,0,30.5,1.5,2.74,-6.32577411066827
28.5,10.5,360,90,0,30.5,1.5,2.76,-6.65302545043387
28.5,10.5,360,90,0,30.5,1.5,2.78,-6.98652258563892
28.5,10.5,360,90,0,30.5,1.5,2.82,-7.66445000519848
28.5,10.5,360,90,0,30.5,1.5,2.84,-8.00564969767537
28.5,10.5,360,90,0,30.5,1.5,2.86,-8.34656353955335
28.5,10.5,360,90,0,30.5,1.5,2.88,-8.68609283670408
28.5,10.5,360,90,0,30.5,1.5,2.92,-9.3573397621155
28.5,10.5,360,90,0,30.5,1.5,2.94,-9.68753036101802
28.5,10.5,360,90,0,30.5,1.5,2.96,-10.0132534755113
28.5,10.5,360,90,0,30.5,1.5,2.98,-10.3340044131501
27,10.5,0,120,0,28,1.5,2.5,-8.31341040249654
27,10.5,0,120,1,28,1.5,2.5,-8.31341040249655
27,10.5,0,120,2,28,1.5,2.5,-8.31341040249654
27,10.5,0,120,3,28,1.5,2.5,-8.31341040249654
27,10.5,0,120,4,28,1.5,2.5,-8.31341040249654
27,10.5,0,120,5,28,1.5,2.5,-8.31341040249654
27,10.5,0,120,0,28.5,1.5,2.5,-8.28638535581791
28.5,10.5,0,120,0,30.5,1.5,2.02,-12.9399089586284
28.5,10.5,0,120,0,30.5,1.5,2.04,-12.7790400567434
28.5,10.5,0,120,0,30.5,1.5,2.06,-12.6031037625814
28.5,10.5,0,120,0,30.5,1.5,2.08,-12.411106149227
28.5,10.5,0,120,0,30.5,1.5,2.12,-11.9756975890282
28.5,10.5,0,120,0,30.5,1.5,2.14,-11.7312668601451
28.5,10.5,0,120,0,30.5,1.5,2.16,-11.4688902758023
28.5,10.5,0,120,0,30.5,1.5,2.18,-11.1889981807971
28.5,10.5,0,120,0,30.5,1.5,2.22,-10.5809548607131
28.5,10.5,0,120,0,30.5,1.5,2.24,-10.2563759161902
28.5,10.5,0,120,0,30.5,1.5,2.26,-9.92148391698125
28.5,10.5,0,120,0,30.5,1.5,2.28,-9.57958878477911
28.5,10.5,0,120,0,30.5,1.5,2.32,-8.89091854326109
28.5,10.5,0,120,0,30.5,1.5,2.34,-8.55347024502096
28.5,10.5,0,120,0,30.5,1.5,2.36,-8.22747747355857
28.5,10.5,0,120,0,30.5,1.5,2.38,-7.91836309484413
28.5,10.5,0,120,0,30.5,1.5,2.42,-7.37220370653877
28.5,10.5,0,120,0,30.5,1.5,2.44,-7.14502604418722
28.5,10.5,0,120,0,30.5,1.5,2.46,-6.95396218762794
28.5,10.5,0,120,0,30.5,1.5,2.48,-6.80203761931629
28.5,10.5,0,120,0,30.5,1.5,2.5,-6.69120770785397
28.5,10.5,0,120,0,30.5,1.5,2.52,-6.62223881972328
28.5,10.5,0,120,0,30.5,1.5,2.54,-6.594685032158
28.5,10.5,0,120,0,30.5,1.5,2.56,-6.60699450814565
28.5,10.5,0,120,0,30.5,1.5,2.58,-6.65670131170198
28.5,10.5,0,120,0,30.5,1.5,2.62,-6.8552967606004
28.5,10.5,0,120,0,30.5,1.5,2.64,-6.99682540442239
28.5,10.5,0,120,0,30.5,1.5,2.66,-7.161454414301
28.5,10.5,0,120,0,30.5,1.5,2.68,-7.34553127747312
28.5,10.5,0,120,0,30.5,1.5,2.72,-7.75870154133228
28.5,10.5,0,120,0,30.5,1.5,2.74,-7.98192843410126
28.5,10.5,0,120,0,30.5,1.5,2.76,-8.21290313632602
28.5,10.5,0,120,0,30.5,1.5,2.78,-8.4495269782392
28.5,10.5,0,120,0,30.5,1.5,2.82,-8.93281091613136
28.5,10.5,0,120,0,30.5,1.5,2.84,-9.17666628558699
28.5,10.5,0,120,0,30.5,1.5,2.86,-9.42049812491682
28.5,10.5,0,120,0,30.5,1.5,2.88,-9.66341518960134
28.5,10.5,0,120,0,30.5,1.5,2.92,-10.1436802494472
28.5,10.5,0,120,0,30.5,1.5,2.94,-10.3799157819004
28.5,10.5,0,120,0,30.5,1.5,2.96,-10.6129703394361
28.5,10.5,0,120,0,30.5,1.5,2.98,-10.8425033920465
27,10.5,90,120,0,28,1.5,2.5,-11.3566438481982
27,10.5,90,120,1,28,1.5,2.5,-11.3566438481982
27,10.5,90,120,2,28,1.5,2.5,-11.3566438481982
27,10.5,90,120,3,28,1.5,2.5,-11.3566438481982
27,10.5,90,120,4,28,1.5,2.5,-11.3566438481982
27,10.5,90,120,5,28,1.5,2.5,-11.3566438481982
27,10.5,90,120,0,28.5,1.5,2.5,-11.3297814273782
28.5,10.5,90,120,0,30.5,1.5,2.02,-8.50693836400956
28.5,10.5,90,120,0,30.5,1.5,2.04,-8.4648931384621
28.5,10.5,90,120,0,30.5,1.5,2.06,-8.42794141327503
28.5,10.5,90,120,0,30.5,1.5,2.08,-8.39703615197302
28.5,10.5,90,120,0,30.5,1.5,2.12,-8.35774695372678
28.5,10.5,90,120,0,30.5,1.5,2.14,-8.35191081487839
28.5,10.5,90,120,0,30.5,1.5,2.16,-8.35727423179839
28.5,10.5,90,120,0,30.5,1.5,2.18,-8.37560371517008
28.5,10.5,90,120,0,30.5,1.5,2.22,-8.45958119316154
28.5,10.5,90,120,0,30.5,1.5,2.24,-8.53024539695437
28.5,10.5,90,120,0,30.5,1.5,2.26,-8.62399784830801
28.5,10.5,90,120,0,30.5,1.5,2.28,-8.74435226114556
28.5,10.5,90,120,0,30.5,1.5,2.32,-9.08130627219289
28.5,10.5,90,120,0,30.5,1.5,2.34,-9.30736259898993
28.5,10.5,90,120,0,30.5,1.5,2.36,-9.57891035834978
28.5,10.5,90,120,0,30.5,1.5,2.38,-9.90180576729477
28.5,10.5,90,120,0,30.5,1.5,2.42,-10.7264913527444
28.5,10.5,90,120,0,30.5,1.5,2.44,-11.2410091202108
28.5,10.5,90,120,0,30.5,1.5,2.46,-11.8320557299417
28.5,10.5,90,120,0,30.5,1.5,2.48,-12.5057732851708
28.5,10.5,90,120,0,30.5,1.5,2.5,-13.2681739845684
28.5,10.5,90,120,0,30.5,1.5,2.52,-14.1252157037282
28.5,10.5,90,120,0,30.5,1.5,2.54,-15.0830107347129
28.5,10.5,90,120,0,30.5,1.5,2.56,-16.1481961697643
28.5,10.5,90,120,0,30.5,1.5,2.58,-17.3283942860187
28.5,10.5,90,120,0,30.5,1.5,2.62,-20.071119746928
28.5,10.5,90,120,0,30.5,1.5,2.64,-21.6541310150849
28.5,10.5,90,120,0,30.5,1.5,2.66,-23.3862644477969
28.5,10.5,90,120,0,30.5,1.5,2.68,-25.2506539238261
28.5,10.5,90,120,0,30.5,1.5,2.72,-28.9149400672181
28.5,10.5,90,120,0,30.5,1.5,2.74,-30.0776386798476
28.5,10.5,90,120,0,30.5,1.5,2.76,-30.3046382179474
28.5,10.5,90,120,0,30.5,1.5,2.78,-29.7302783450264
28.5,10.5,90,120,0,30.5,1.5,2.82,-27.8088938725509
28.5,10.5,90,120,0,30.5,1.5,2.84,-26.9140064489921
28.5,10.5,90,120,0,30.5,1.5,2.86,-26.1431830019216
28.5,10.5,90,120,0,30.5,1.5,2.88,-25.494467044589
28.5,10.5,90,120,0,30.5,1.5,2.92,-24.5075032865486
28.5,10.5,90,120,0,30.5,1.5,2.94,-24.1394079598119
28.5,10.5,90,120,0,30.5,1.5,2.96,-23.837544502893
28.5,10.5,90,120,0,30.5,1.5,2.98,-23.5911205137746
27,10.5,180,120,0,28,1.5,2.5,-8.23873128328684
27,10.5,180,120,1,28,1.5,2.5,-8.23873128328684
27,10.5,180,120,2,28,1.5,2.5,-8.23873128328684
27,10.5,180,120,3,28,1.5,2.5,-8.23873128328684
27,10.5,180,120,4,28,1.5,2.5,-8.23873128328684
27,10.5,180,120,5,28,1.5,2.5,-8.23873128328684
27,10.5,180,120,0,28.5,1.5,2.5,-8.26862284034799
28.5,10.5,180,120,0,30.5,1.5,2.02,-13.4181916120667
28.5,10.5,180,120,0,30.5,1.5,2.04,-13.2349765051711
28.5,10.5,180,120,0,30.5,1.5,2.06,-13.0355662989765
28.5,10.5,180,120,0,30.5,1.5,2.08,-12.8189594647751
28.5,10.5,180,120,0,30.5,1.5,2.12,-12.3311625222236
28.5,10.5,180,120,0,30.5,1.5,2.14,-12.059207572812
28.5,10.5,180,120,0,30.5,1.5,2.16,-11.7686770534706
28.5,10.5,180,120,0,30.5,1.5,2.18,-11.460249374778
28.5,10.5,180,120,0,30.5,1.5,2.22,-10.7951223348188
28.5,10.5,180,120,0,30.5,1.5,2.24,-10.4425884380397
28.5,10.5,180,120,0,30.5,1.5,2.26,-10.0805153186742
28.5,10.5,180,120,0,30.5,1.5,2.28,-9.71246930418646
28.5,10.5,180,120,0,30.5,1.5,2.32,-8.9754204290133
28.5,10.5,180,120,0,30.5,1.5,2.34,-8.61604745713476
28.5,10.5,180,120,0,30.5,1.5,2.36,-8.26976481755172
28.5,10.5,180,120,0,30.5,1.5,2.38,-7.94203515581023
28.5,10.5,180,120,0,30.5,1.5,2.42,-7.36364927313197
28.5,10.5,180,120,0,30.5,1.5,2.44,-7.12278137103328
28.5,10.5,180,120,0,30.5,1.5,2.46,-6.91955670206644
28.5,10.5,180,120,0,30.5,1.5,2.48,-6.75692153349936
28.5,10.5,180,120,0,30.5,1.5,2.5,-6.63674539603168
28.5,10.5,180,120,0,30.5,1.5,2.52,-6.55970698457832
28.5,10.5,180,120,0,30.5,1.5,2.54,-6.52527414601753
28.5,10.5,180,120,0,30.5,1.5,2.56,-6.53181194497135
28.5,10.5,180,120,0,30.5,1.5,2.58,-6.57677701309704
28.5,10.5,180,120,0,30.5,1.5,2.62,-6.76869981324499
28.5,10.5,180,120,0,30.5,1.5,2.64,-6.90817520680127
28.5,10.5,180,120,0,30.5,1.5,2.66,-7.0715367700148
28.5,10.5,180,120,0,30.5,1.5,2.68,-7.25508784724838
28.5,10.5,180,120,0,30.5,1.5,2.72,-7.66928895697493
28.5,10.5,180,120,0,30.5,1.5,2.74,-7.89401617965692
28.5,10.5,180,120,0,30.5,1.5,2.76,-8.12711958852847
28.5,10.5,180,120,0,30.5,1.5,2.78,-8.36648627813881
28.5,10.5,180,120,0,30.5,1.5,2.82,-8.8570668593083
28.5,10.5,180,120,0,30.5,1.5,2.84,-9.10547387411785
28.5,10.5,180,120,0,30.5,1.5,2.86,-9.35446769112581
28.5,10.5,180,120,0,30.5,1.5,2.88,-9.60317173962445
28.5,10.5,180,120,0,30.5,1.5,2.92,-10.096987721753
28.5,10.5,180,120,0,30.5,1.5,2.94,-10.3410655325901
28.5,10.5,180,120,0,30.5,1.5,2.96,-10.5827471110198
28.5,10.5,180,120,0,30.5,1.5,2.98,-10.8217574718214
27,10.5,270,120,0,28,1.5,2.5,-14.2902230624762
27,10.5,270,120,1,28,1.5,2.5,-14.2902230624762
27,10.5,270,120,2,28,1.5,2.5,-14.2902230624762
27,10.5,270,120,3,28,1.5,2.5,-14.2902230624762
27,10.5,270,120,4,28,1.5,2.5,-14.2902230624762
27,10.5,270,120,5,28,1.5,2.5,-14.2902230624762
27,10.5,270,120,0,28.5,1.5,2.5,-14.1410260692792
28.5,10.5,270,120,0,30.5,1.5,2.02,-10.3926174489499
28.5,10.5,270,120,0,30.5,1.5,2.04,-10.3822974845228
28.5,10.5,270,120,0,30.5,1.5,2.06,-10.3754949504755
28.5,10.5,270,120,0,30.5,1.5,2.08,-10.3725915745439
28.5,10.5,270,120,0,30.5,1.5,2.12,-10.3801501437647
28.5,10.5,270,120,0,30.5,1.5,2.14,-10.3915530319356
28.5,10.5,270,120,0,30.5,1.5,2.16,-10.4087674871404
28.5,10.5,270,120,0,30.5,1.5,2.18,-10.4324445935742
28.5,10.5,270,120,0,30.5,1.5,2.22,-10.5023666697919
28.5,10.5,270,120,0,30.5,1.5,2.24,-10.5505661880742
28.5,10.5,270,120,0,30.5,1.5,2.26,-10.6091919544316
28.5,10.5,270,120,0,30.5,1.5,2.28,-10.6797063740563
28.5,10.5,270,120,0,30.5,1.5,2.32,-10.8634136154101
28.5,10.5,270,120,0,30.5,1.5,2.34,-10.9806926481357
28.5,10.5,270,120,0,30.5,1.5,2.36,-11.117977551481
28.5,10.5,270,120,0,30.5,1.5,2.38,-11.277713228964
28.5,10.5,270,120,0,30.5,1.5,2.42,-11.6741406048769
28.5,10.5,270,120,0,30.5,1.5,2.44,-11.9150679324885
28.5,10.5,270,120,0,30.5,1.5,2.46,-12.1865771561979
28.5,10.5,270,120,0,30.5,1.5,2.48,-12.4895144863789
28.5,10.5,270,120,0,30.5,1.5,2.5,-12.8240367912486
28.5,10.5,270,120,0,30.5,1.5,2.52,-13.1895526586107
28.5,10.5,270,120,0,30.5,1.5,2.54,-13.5847427426864
28.5,10.5,270,120,0,30.5,1.5,2.56,-14.00769789706
28.5,10.5,270,120,0,30.5,1.5,2.58,-14.4561242897513
28.5,10.5,270,120,0,30.5,1.5,2.62,-15.4196945030927
28.5,10.5,270,120,0,30.5,1.5,2.64,-15.9303832057786
28.5,10.5,270,120,0,30.5,1.5,2.66,-16.4579931655917
28.5,10.5,270,120,0,30.5,1.5,2.68,-17.0014201064375
28.5,10.5,270,120,0,30.5,1.5,2.72,-18.1344076729887
28.5,10.5,270,120,0,30.5,1.5,2.74,-18.724931961827
28.5,10.5,270,120,0,30.5,1.5,2.76,-19.3331982653229
28.5,10.5,270,120,0,30.5,1.5,2.78,-19.9612869535692
28.5,10.5,270,120,0,30.5,1.5,2.82,-21.2882709105662
28.5,10.5,270,120,0,30.5,1.5,2.84,-21.9942419269662
28.5,10.5,270,120,0,30.5,1.5,2.86,-22.7340382192045
28.5,10.5,270,120,0,30.5,1.5,2.88,-23.5121200459247
28.5,10.5,270,120,0,30.5,1.5,2.92,-25.1989602918501
28.5,10.5,270,120,0,30.5,1.5,2.94,-26.1109990535506
28.5,10.5,270,120,0,30.5,1.5,2.96,-27.0626106196131
28.5,10.5,270,120,0,30.5,1.5,2.98,-28.0348381514887
27,10.5,360,120,0,28,1.5,2.5,-8.31341040249654
27,10.5,360,120,1,28,1.5,2.5,-8.31341040249654
27,10.5,360,120,2,28,1.5,2.5,-8.31341040249654
27,10.5,360,120,3,28,1.5,2.5,-8.31341040249654
27,10.5,360,120,4,28,1.5,2.5,-8.31341040249654
27,10.5,360,120,5,28,1.5,2.5,-8.31341040249654
27,10.5,360,120,0,28.5,1.5,2.5,-8.28638535581791
28.5,10.5,360,120,0,30.5,1.5,2.02,-12.9399089586284
28.5,10.5,360,120,0,30.5,1.5,2.04,-12.7790400567434
28.5,10.5,360,120,0,30.5,1.5,2.06,-12.6031037625814
28.5,10.5,360,120,0,30.5,1.5,2.08,-12.411106149227
28.5,10.5,360,120,0,30.5,1.5,2.12,-11.9756975890282
28.5,10.5,360,120,0,30.5,1.5,2.14,-11.7312668601451
28.5,10.5,360,120,0,30.5,1.5,2.16,-11.4688902758023
28.5,10.5,360,120,0,30.5,1.5,2.18,-11.1889981807971
28.5,10.5,360,120,0,30.5,1.5,2.22,-10.5809548607131
28.5,10.5,360,120,0,30.5,1.5,2.24,-10.2563759161902
28.5,10.5,360,120,0,30.5,1.5,2.26,-9.92148391698125
28.5,10.5,360,120,0,30.5,1.5,2.28,-9.57958878477912
28.5,10.5,360,120,0,30.5,1.5,2.32,-8.89091854326109
28.5,10.5,360,120,0,30.5,1.5,2.34,-8.55347024502096
28.5,10.5,360,120,0,30.5,1.5,2.36,-8.22747747355857
28.5,10.5,360,120,0,30.5,1.5,2.38,-7.91836309484413
28.5,10.5,360,120,0,30.5,1.5,2.42,-7.37220370653877
28.5,10.5,360,120,0,30.5,1.5,2.44,-7.14502604418722
28.5,10.5,360,120,0,30.5,1.5,2.46,-6.95396218762794
28.5,10.5,360,120,0,30.5,1.5,2.48,-6.80203761931629
28.5,10.5,360,120,0,30.5,1.5,2.5,-6.69120770785397
28.5,10.5,360,120,0,30.5,1.5,2.52,-6.62223881972328
28.5,10.5,360,120,0,30.5,1.5,2.54,-6.59468503215801
28.5,10.5,360,120,0,30.5,1.5,2.56,-6.60699450814565
28.5,10.5,360,120,0,30.5,1.5,2.58,-6.65670131170198
28.5,10.5,360,120,0,30.5,1.5,2.62,-6.8552967606004
28.5,10.5,360,120,0,30.5,1.5,2.64,-6.99682540442239
28.5,10.5,360,120,0,30.5,1.5,2.66,-7.161454414301
28.5,10.5,360,120,0,30.5,1.5,2.68,-7.34553127747312
28.5,10.5,360,120,0,30.5,1.5,2.72,-7.75870154133228
28.5,10.5,360,120,0,30.5,1.5,2.74,-7.98192843410126
28.5,10.5,360,120,0,30.5,1.5,2.76,-8.21290313632602
28.5,10.5,360,120,0,30.5,1.5,2.78,-8.4495269782392
28.5,10.5,360,120,0,30.5,1.5,2.82,-8.93281091613136
28.5,10.5,360,120,0,30.5,1.5,2.84,-9.17666628558699
28.5,10.5,360,120,0,30.5,1.5,2.86,-9.42049812491682
28.5,10.5,360,120,0,30.5,1.5,2.88,-9.66341518960134
28.5,10.5,360,120,0,30.5,1.5,2.92,-10.1436802494472
28.5,10.5,360,120,0,30.5,1.5,2.94,-10.3799157819004
28.5,10.5,360,120,0,30.5,1.5,2.96,-10.6129703394361
28.5,10.5,360,120,0,30.5,1.5,2.98,-10.8425033920465
27,10.5,0,150,0,28,1.5,2.5,-8.125210865494
27,10.5,0,150,1,28,1.5,2.5,-8.125210865494
27,10.5,0,150,2,28,1.5,2.5,-8.125210865494
27,10.5,0,150,3,28,1.5,2.5,-8.125210865494
27,10.5,0,150,4,28,1.5,2.5,-8.125210865494
27,10.5,0,150,5,28,1.5,2.5,-8.125210865494
27,10.5,0,150,0,28.5,1.5,2.5,-7.95693448674627
28.5,10.5,0,150,0,30.5,1.5,2.02,-8.20742701030301
28.5,10.5,0,150,0,30.5,1.5,2.04,-8.1184775209469
28.5,10.5,0,150,0,30.5,1.5,2.06,-8.02906225364427
28.5,10.5,0,150,0,30.5,1.5,2.08,-7.93922224455552
28.5,10.5,0,150,0,30.5,1.5,2.12,-7.75834794290101
28.5,10.5,0,150,0,30.5,1.5,2.14,-7.66734232064294
28.5,10.5,0,150,0,30.5,1.5,2.16,-7.57599886965269
28.5,10.5,0,150,0,30.5,1.5,2.18,-7.4843941970671
28.5,10.5,0,150,0,30.5,1.5,2.22,-7.30108168808808
28.5,10.5,0,150,0,30.5,1.5,2.24,-7.21000456940106
28.5,10.5,0,150,0,30.5,1.5,2.26,-7.12001043852824
28.5,10.5,0,150,0,30.5,1.5,2.28,-7.03189643425631
28.5,10.5,0,150,0,30.5,1.5,2.32,-6.86590061233848
28.5,10.5,0,150,0,30.5,1.5,2.34,-6.79110738421526
28.5,10.5,0,150,0,30.5,1.5,2.36,-6.72438418295772
28.5,10.5,0,150,0,30.5,1.5,2.38,-6.66804072391715
28.5,10.5,0,150,0,30.5,1.5,2.42,-6.59654466515529
28.5,10.5,0,150,0,30.5,1.5,2.44,-6.58637236210032
28.5,10.5,0,150,0,30.5,1.5,2.46,-6.59617844836356
28.5,10.5,0,150,0,30.5,1.5,2.48,-6.62762048160507
28.5,10.5,0,150,0,30.5,1.5,2.5,-6.681760385265
28.5,10.5,0,150,0,30.5,1.5,2.52,-6.75893295265001
28.5,10.5,0,150,0,30.5,1.5,2.54,-6.85869005481136
28.5,10.5,0,150,0,30.5,1.5,2.56,-6.97985771226711
28.5,10.5,0,150,0,30.5,1.5,2.58,-7.12066703993171
28.5,10.5,0,150,0,30.5,1.5,2.62,-7.45219415461905
28.5,10.5,0,150,0,30.5,1.5,2.64,-7.63795468491701
28.5,10.5,0,150,0,30.5,1.5,2.66,-7.83374851979311
28.5,10.5,0,150,0,30.5,1.5,2.68,-8.03727954058903
28.5,10.5,0,150,0,30.5,1.5,2.72,-8.45954775574815
28.5,10.5,0,150,0,30.5,1.5,2.74,-8.67494963337305
28.5,10.5,0,150,0,30.5,1.5,2.76,-8.89141753331581
28.5,10.5,0,150,0,30.5,1.5,2.78,-9.10792457309663
28.5,10.5,0,150,0,30.5,1.5,2.82,-9.53799919116708
28.5,10.5,0,150,0,30.5,1.5,2.84,-9.75047699230131
28.5,10.5,0,150,0,30.5,1.5,2.86,-9.96075983943957
28.5,10.5,0,150,0,30.5,1.5,2.88,-10.1686230849896
28.5,10.5,0,150,0,30.5,1.5,2.92,-10.5766080245571
28.5,10.5,0,150,0,30.5,1.5,2.94,-10.7766422129639
28.5,10.5,0,150,0,30.5,1.5,2.96,-10.9740474040427
28.5,10.5,0,150,0,30.5,1.5,2.98,-11.1688573096842
27,10.5,90,150,0,28,1.5,2.5,-8.31053240668455
27,10.5,90,150,1,28,1.5,2.5,-8.31053240668455
27,10.5,90,150,2,28,1.5,2.5,-8.31053240668455
27,10.5,90,150,3,28,1.5,2.5,-8.31053240668455
27,10.5,90,150,4,28,1.5,2.5,-8.31053240668454
27,10.5,90,150,5,28,1.5,2.5,-8.31053240668455
27,10.5,90,150,0,28.5,1.5,2.5,-8.29285092585627
28.5,10.5,90,150,0,30.5,1.5,2.02,-6.99715380648414
28.5,10.5,90,150,0,30.5,1.5,2.04,-6.91917381245154
28.5,10.5,90,150,0,30.5,1.5,2.06,-6.84451645585756
28.5,10.5,90,150,0,30.5,1.5,2.08,-6.77382809158506
28.5,10.5,90,150,0,30.5,1.5,2.12,-6.64722875255377
28.5,10.5,90,150,0,30.5,1.5,2.14,-6.59293465226099
28.5,10.5,90,150,0,30.5,1.5,2.16,-6.54587375583592
28.5,10.5,90,150,0,30.5,1.5,2.18,-6.5071065781899
28.5,10.5,90,150,0,30.5,1.5,2.22,-6.45937080072474
28.5,10.5,90,150,0,30.5,1.5,2.24,-6.45324733762417
28.5,10.5,90,150,0,30.5,1.5,2.26,-6.46113217420885
28.5,10.5,90,150,0,30.5,1.5,2.28,-6.48487521662584
28.5,10.5,90,150,0,30.5,1.5,2.32,-6.58809379150133
28.5,10.5,90,150,0,30.5,1.5,2.34,-6.671888156064
28.5,10.5,90,150,0,30.5,1.5,2.36,-6.7800102540576
28.5,10.5,90,150,0,30.5,1.5,2.38,-6.91440966183769
28.5,10.5,90,150,0,30.5,1.5,2.42,-7.26769208201529
28.5,10.5,90,150,0,30.5,1.5,2.44,-7.48761890444089
28.5,10.5,90,150,0,30.5,1.5,2.46,-7.73544282906627
28.5,10.5,90,150,0,30.5,1.5,2.48,-8.00895712931329
28.5,10.5,90,150,0,30.5,1.5,2.5,-8.30468610400389
28.5,10.5,90,150,0,30.5,1.5,2.52,-8.61791116223358
28.5,10.5,90,150,0,30.5,1.5,2.54,-8.94284965863815
28.5,10.5,90,150,0,30.5,1.5,2.56,-9.27301280409823
28.5,10.5,90,150,0,30.5,1.5,2.58,-9.60168103968511
28.5,10.5,90,150,0,30.5,1.5,2.62,-10.2295521525457
28.5,10.5,90,150,0,30.5,1.5,2.64,-10.5185421596455
28.5,10.5,90,150,0,30.5,1.5,2.66,-10.7862085668444
28.5,10.5,90,150,0,30.5,1.5,2.68,-11.0307820747794
28.5,10.5,90,150,0,30.5,1.5,2.72,-11.4499228518356
28.5,10.5,90,150,0,30.5,1.5,2.74,-11.6266067301807
28.5,10.5,90,150,0,30.5,1.5,2.76,-11.7838768374834
28.5,10.5,90,150,0,30.5,1.5,2.78,-11.9240437420959
28.5,10.5,90,150,0,30.5,1.5,2.82,-12.1625693821746
28.5,10.5,90,150,0,30.5,1.5,2.84,-12.2654053031709
28.5,10.5,90,150,0,30.5,1.5,2.86,-12.3599359185241
28.5,10.5,90,150,0,30.5,1.5,2.88,-12.4478406038228
28.5,10.5,90,150,0,30.5,1.5,2.92,-12.6092593057108
28.5,10.5,90,150,0,30.5,1.5,2.94,-12.6849526857164
28.5,10.5,90,150,0,30.5,1.5,2.96,-12.7584248656748
28.5,10.5,90,150,0,30.5,1.5,2.98,-12.8303085798057
27,10.5,180,150,0,28,1.5,2.5,-7.73198319659198
27,10.5,180,150,1,28,1.5,2.5,-7.73198319659198
27,10.5,180,150,2,28,1.5,2.5,-7.73198319659198
27,10.5,180,150,3,28,1.5,2.5,-7.73198319659198
27,10.5,180,150,4,28,1.5,2.5,-7.73198319659198
27,10.5,180,150,5,28,1.5,2.5,-7.73198319659198
27,10.5,180,150,0,28.5,1.5,2.5,-8.02493551920197
28.5,10.5,180,150,0,30.5,1.5,2.02,-8.40199437159006
28.5,10.5,180,150,0,30.5,1.5,2.04,-8.31078569834926
28.5,10.5,180,150,0,30.5,1.5,2.06,-8.21924662202541
28.5,10.5,180,150,0,30.5,1.5,2.08,-8.12737623484898
28.5,10.5,180,150,0,30.5,1.5,2.12,-7.94253502237474
28.5,10.5,180,150,0,30.5,1.5,2.14,-7.84948671148088
28.5,10.5,180,150,0,30.5,1.5,2.16,-7.75597990113596
28.5,10.5,180,150,0,30.5,1.5,2.18,-7.66202186258493
28.5,10.5,180,150,0,30.5,1.5,2.22,-7.47312116094178
28.5,10.5,180,150,0,30.5,1.5,2.24,-7.37863967394006
28.5,10.5,180,150,0,30.5,1.5,2.26,-7.28471554731198
28.5,10.5,180,150,0,30.5,1.5,2.28,-7.19205682674616
28.5,10.5,180,150,0,30.5,1.5,2.32,-7.01479920424855
28.5,10.5,180,150,0,30.5,1.5,2.34,-6.93315379552143
28.5,10.5,180,150,0,30.5,1.5,2.36,-6.85870504141837
28.5,10.5,180,150,0,30.5,1.5,2.38,-6.79374870574125
28.5,10.5,180,150,0,30.5,1.5,2.42,-6.70246173526975
28.5,10.5,180,150,0,30.5,1.5,2.44,-6.68123942716832
28.5,10.5,180,150,0,30.5,1.5,2.46,-6.67936193662647
28.5,10.5,180,150,0,30.5,1.5,2.48,-6.6986210652595
28.5,10.5,180,150,0,30.5,1.5,2.5,-6.74023006016593
28.5,10.5,180,150,0,30.5,1.5,2.52,-6.8046853519529
28.5,10.5,180,150,0,30.5,1.5,2.54,-6.89170102770391
28.5,10.5,180,150,0,30.5,1.5,2.56,-7.0002582974651
28.5,10.5,180,150,0,30.5,1.5,2.58,-7.12873106713817
28.5,10.5,180,150,0,30.5,1.5,2.62,-7.43688268748639
28.5,10.5,180,150,0,30.5,1.5,2.64,-7.61179015174003
28.5,10.5,180,150,0,30.5,1.5,2.66,-7.79737578381791
28.5,10.5,180,150,0,30.5,1.5,2.68,-7.99138545481746
28.5,10.5,180,150,0,30.5,1.5,2.72,-8.39676112708075
28.5,10.5,180,150,0,30.5,1.5,2.74,-8.60480603613844
28.5,10.5,180,150,0,30.5,1.5,2.76,-8.81463872665633
28.5,10.5,180,150,0,30.5,1.5,2.78,-9.0252232740231
28.5,10.5,180,150,0,30.5,1.5,2.82,-9.44554782213993
28.5,10.5,180,150,0,30.5,1.5,2.84,-9.65418167926245
28.5,10.5,180,150,0,30.5,1.5,2.86,-9.861305013079
28.5,10.5,180,150,0,30.5,1.5,2.88,-10.0667011085589
28.5,10.5,180,150,0,30.5,1.5,2.92,-10.4719273209186
28.5,10.5,180,150,0,30.5,1.5,2.94,-10.6717704871695
28.5,10.5,180,150,0,30.5,1.5,2.96,-10.8698953664774
28.5,10.5,180,150,0,30.5,1.5,2.98,-11.066482869788
27,10.5,270,150,0,28,1.5,2.5,-9.36078395757845
27,10.5,270,150,1,28,1.5,2.5,-9.36078395757845
27,10.5,270,150,2,28,1.5,2.5,-9.36078395757845
27,10.5,270,150,3,28,1.5,2.5,-9.36078395757845
27,10.5,270,150,4,28,1.5,2.5,-9.36078395757845
27,10.5,270,150,5,28,1.5,2.5,-9.36078395757845
27,10.5,270,150,0,28.5,1.5,2.5,-9.34175429382041
28.5,10.5,270,150,0,30.5,1.5,2.02,-8.36351141988515
28.5,10.5,270,150,0,30.5,1.5,2.04,-8.29040586665188
28.5,10.5,270,150,0,30.5,1.5,2.06,-8.21754220083189
28.5,10.5,270,150,0,30.5,1.5,2.08,-8.14499785545688
28.5,10.5,270,150,0,30.5,1.5,2.12,-8.00118377472377
28.5,10.5,270,150,0,30.5,1.5,2.14,-7.93011507755276
28.5,10.5,270,150,0,30.5,1.5,2.16,-7.85980328047714
28.5,10.5,270,150,0,30.5,1.5,2.18,-7.79047893177245
28.5,10.5,270,150,0,30.5,1.5,2.22,-7.65625197692561
28.5,10.5,270,150,0,30.5,1.5,2.24,-7.59245614523392
28.5,10.5,270,150,0,30.5,1.5,2.26,-7.53194391904114
28.5,10.5,270,150,0,30.5,1.5,2.28,-7.47583384560259
28.5,10.5,270,150,0,30.5,1.5,2.32,-7.38281579612882
28.5,10.5,270,150,0,30.5,1.5,2.34,-7.3497299577871
28.5,10.5,270,150,0,30.5,1.5,2.36,-7.32867760423248
28.5,10.5,270,150,0,30.5,1.5,2.38,-7.32230522590516
28.5,10.5,270,150,0,30.5,1.5,2.42,-7.36478372575739
28.5,10.5,270,150,0,30.5,1.5,2.44,-7.4190294559223
28.5,10.5,270,150,0,30.5,1.5,2.46,-7.49836400778375
28.5,10.5,270,150,0,30.5,1.5,2.48,-7.60446735212411
28.5,10.5,270,150,0,30.5,1.5,2.5,-7.73835146543408
28.5,10.5,270,150,0,30.5,1.5,2.52,-7.90024122598695
28.5,10.5,270,150,0,30.5,1.5,2.54,-8.08953305291794
28.5,10.5,270,150,0,30.5,1.5,2.56,-8.30487175575168
28.5,10.5,270,150,0,30.5,1.5,2.58,-8.54430197547116
28.5,10.5,270,150,0,30.5,1.5,2.62,-9.08576504333235
28.5,10.5,270,150,0,30.5,1.5,2.64,-9.38260898513418
28.5,10.5,270,150,0,30.5,1.5,2.66,-9.6934991999524
28.5,10.5,270,150,0,30.5,1.5,2.68,-10.0161731633022
28.5,10.5,270,150,0,30.5,1.5,2.72,-10.6893613661158
28.5,10.5,270,150,0,30.5,1.5,2.74,-11.0369745440597
28.5,10.5,270,150,0,30.5,1.5,2.76,-11.3905697961687
28.5,10.5,270,150,0,30.5,1.5,2.78,-11.7495262590983
28.5,10.5,270,150,0,30.5,1.5,2.82,-12.4824710163833
28.5,10.5,270,150,0,30.5,1.5,2.84,-12.8565688879516
28.5,10.5,270,150,0,30.5,1.5,2.86,-13.2361996737454
28.5,10.5,270,150,0,30.5,1.5,2.88,-13.6219543042045
28.5,10.5,270,150,0,30.5,1.5,2.92,-14.4151291795454
28.5,10.5,270,150,0,30.5,1.5,2.94,-14.8246453520203
28.5,10.5,270,150,0,30.5,1.5,2.96,-15.2444772319435
28.5,10.5,270,150,0,30.5,1.5,2.98,-15.6761306285671
27,10.5,360,150,0,28,1.5,2.5,-8.125210865494
27,10.5,360,150,1,28,1.5,2.5,-8.125210865494
27,10.5,360,150,2,28,1.5,2.5,-8.12521086549401
27,10.5,360,150,3,28,1.5,2.5,-8.12521086549401
27,10.5,360,150,4,28,1.5,2.5,-8.125210865494
27,10.5,360,150,5,28,1.5,2.5,-8.125210865494
27,10.5,360,150,0,28.5,1.5,2.5,-7.95693448674627
28.5,10.5,360,150,0,30.5,1.5,2.02,-8.20742701030301
28.5,10.5,360,150,0,30.5,1.5,2.04,-8.1184775209469
28.5,10.5,360,150,0,30.5,1.5,2.06,-8.02906225364427
28.5,10.5,360,150,0,30.5,1.5,2.08,-7.93922224455553
28.5,10.5,360,150,0,30.5,1.5,2.12,-7.75834794290102
28.5,10.5,360,150,0,30.5,1.5,2.14,-7.66734232064294
28.5,10.5,360,150,0,30.5,1.5,2.16,-7.57599886965269
28.5,10.5,360,150,0,30.5,1.5,2.18,-7.4843941970671
28.5,10.5,360,150,0,30.5,1.5,2.22,-7.30108168808808
28.5,10.5,360,150,0,30.5,1.5,2.24,-7.21000456940106
28.5,10.5,360,150,0,30.5,1.5,2.26,-7.12001043852824
28.5,10.5,360,150,0,30.5,1.5,2.28,-7.03189643425631
28.5,10.5,360,150,0,30.5,1.5,2.32,-6.86590061233848
28.5,10.5,360,150,0,30.5,1.5,2.34,-6.79110738421526
28.5,10.5,360,150,0,30.5,1.5,2.36,-6.72438418295772
28.5,10.5,360,150,0,30.5,1.5,2.38,-6.66804072391715
28.5,10.5,360,150,0,30.5,1.5,2.42,-6.59654466515529
28.5,10.5,360,150,0,30.5,1.5,2.44,-6.58637236210032
28.5,10.5,360,150,0,30.5,1.5,2.46,-6.59617844836356
28.5,10.5,360,150,0,30.5,1.5,2.48,-6.62762048160507
28.5,10.5,360,150,0,30.5,1.5,2.5,-6.68176038526501
28.5,10.5,360,150,0,30.5,1.5,2.52,-6.75893295265001
28.5,10.5,360,150,0,30.5,1.5,2.54,-6.85869005481136
28.5,10.5,360,150,0,30.5,1.5,2.56,-6.97985771226711
28.5,10.5,360,150,0,30.5,1.5,2.58,-7.12066703993171
28.5,10.5,360,150,0,30.5,1.5,2.62,-7.45219415461905
28.5,10.5,360,150,0,30.5,1.5,2.64,-7.63795468491701
28.5,10.5,360,150,0,30.5,1.5,2.66,-7.83374851979311
28.5,10.5,360,150,0,30.5,1.5,2.68,-8.03727954058903
28.5,10.5,360,150,0,30.5,1.5,2.72,-8.45954775574815
28.5,10.5,360,150,0,30.5,1.5,2.74,-8.67494963337305
28.5,10.5,360,150,0,30.5,1.5,2.76,-8.89141753331581
28.5,10.5,360,150,0,30.5,1.5,2.78,-9.10792457309663
28.5,10.5,360,150,0,30.5,1.5,2.82,-9.53799919116708
28.5,10.5,360,150,0,30.5,1.5,2.84,-9.75047699230131
28.5,10.5,360,150,0,30.5,1.5,2.86,-9.96075983943957
28.5,10.5,360,150,0,30.5,1.5,2.88,-10.1686230849896
28.5,10.5,360,150,0,30.5,1.5,2.92,-10.5766080245571
28.5,10.5,360,150,0,30.5,1.5,2.94,-10.7766422129639
28.5,10.5,360,150,0,30.5,1.5,2.96,-10.9740474040427
28.5,10.5,360,150,0,30.5,1.5,2.98,-11.1688573096842
27,10.5,0,180,0,28,1.5,2.5,-6.77425622106001
27,10.5,0,180,1,28,1.5,2.5,-6.77425622106001
27,10.5,0,180,2,28,1.5,2.5,-6.77425622106001
27,10.5,0,180,3,28,1.5,2.5,-6.77425622106001
27,10.5,0,180,4,28,1.5,2.5,-6.77425622106001
27,10.5,0,180,5,28,1.5,2.5,-6.77425622106001
27,10.5,0,180,0,28.5,1.5,2.5,-6.8235606999856
28.5,10.5,0,180,0,30.5,1.5,2.02,-6.7210327274839
28.5,10.5,0,180,0,30.5,1.5,2.04,-6.62254764393256
28.5,10.5,0,180,0,30.5,1.5,2.06,-6.52461773066809
28.5,10.5,0,180,0,30.5,1.5,2.08,-6.42749799671102
28.5,10.5,0,180,0,30.5,1.5,2.12,-6.23679227900253
28.5,10.5,0,180,0,30.5,1.5,2.14,-6.14383409200003
28.5,10.5,0,180,0,30.5,1.5,2.16,-6.05297126874193
28.5,10.5,0,180,0,30.5,1.5,2.18,-5.96466503242213
28.5,10.5,0,180,0,30.5,1.5,2.22,-5.79807211548402
28.5,10.5,0,180,0,30.5,1.5,2.24,-5.72129003737437
28.5,10.5,0,180,0,30.5,1.5,2.26,-5.6501297334038
28.5,10.5,0,180,0,30.5,1.5,2.28,-5.58579671964999
28.5,10.5,0,180,0,30.5,1.5,2.32,-5.483557263727
28.5,10.5,0,180,0,30.5,1.5,2.34,-5.4491897438039
28.5,10.5,0,180,0,30.5,1.5,2.36,-5.42868005782359
28.5,10.5,0,180,0,30.5,1.5,2.38,-5.42420429110801
28.5,10.5,0,180,0,30.5,1.5,2.42,-5.47192846316574
28.5,10.5,0,180,0,30.5,1.5,2.44,-5.52787804365909
28.5,10.5,0,180,0,30.5,1.5,2.46,-5.60701851639614
28.5,10.5,0,180,0,30.5,1.5,2.48,-5.70997076689974
28.5,10.5,0,180,0,30.5,1.5,2.5,-5.83666019029048
28.5,10.5,0,180,0,30.5,1.5,2.52,-5.98624063080903
28.5,10.5,0,180,0,30.5,1.5,2.54,-6.15709748847699
28.5,10.5,0,180,0,30.5,1.5,2.56,-6.34696234364902
28.5,10.5,0,180,0,30.5,1.5,2.58,-6.55309433312905
28.5,10.5,0,180,0,30.5,1.5,2.62,-7.00208006080543
28.5,10.5,0,180,0,30.5,1.5,2.64,-7.23891509512171
28.5,10.5,0,180,0,30.5,1.5,2.66,-7.48029132345636
28.5,10.5,0,180,0,30.5,1.5,2.68,-7.72384321841785
28.5,10.5,0,180,0,30.5,1.5,2.72,-8.20992762241318
28.5,10.5,0,180,0,30.5,1.5,2.74,-8.4496416880533
28.5,10.5,0,180,0,30.5,1.5,2.76,-8.68583964799998
28.5,10.5,0,180,0,30.5,1.5,2.78,-8.91792199974394
28.5,10.5,0,180,0,30.5,1.5,2.82,-9.36851078827226
28.5,10.5,0,180,0,30.5,1.5,2.84,-9.58685611976906
28.5,10.5,0,180,0,30.5,1.5,2.86,-9.80068765855258
28.5,10.5,0,180,0,30.5,1.5,2.88,-10.0102176578593
28.5,10.5,0,180,0,30.5,1.5,2.92,-10.4175477880519
28.5,10.5,0,180,0,30.5,1.5,2.94,-10.6160477884621
28.5,10.5,0,180,0,30.5,1.5,2.96,-10.8116208732812
28.5,10.5,0,180,0,30.5,1.5,2.98,-11.0046790472991
27,10.5,90,180,0,28,1.5,2.5,-6.77425622106001
27,10.5,90,180,1,28,1.5,2.5,-6.77425622106001
27,10.5,90,180,2,28,1.5,2.5,-6.77425622106001
27,10.5,90,180,3,28,1.5,2.5,-6.77425622106001
27,10.5,90,180,4,28,1.5,2.5,-6.77425622106001
27,10.5,90,180,5,28,1.5,2.5,-6.77425622106001
27,10.5,90,180,0,28.5,1.5,2.5,-6.8235606999856
28.5,10.5,90,180,0,30.5,1.5,2.02,-6.7210327274839
28.5,10.5,90,180,0,30.5,1.5,2.04,-6.62254764393256
28.5,10.5,90,180,0,30.5,1.5,2.06,-6.52461773066809
28.5,10.5,90,180,0,30.5,1.5,2.08,-6.42749799671102
28.5,10.5,90,180,0,30.5,1.5,2.12,-6.23679227900253
28.5,10.5,90,180,0,30.5,1.5,2.14,-6.14383409200003
28.5,10.5,90,180,0,30.5,1.5,2.16,-6.05297126874193
28.5,10.5,90,180,0,30.5,1.5,2.18,-5.96466503242213
28.5,10.5,90,180,0,30.5,1.5,2.22,-5.79807211548402
28.5,10.5,90,180,0,30.5,1.5,2.24,-5.72129003737437
28.5,10.5,90,180,0,30.5,1.5,2.26,-5.6501297334038
28.5,10.5,90,180,0,30.5,1.5,2.28,-5.58579671964999
28.5,10.5,90,180,0,30.5,1.5,2.32,-5.483557263727
28.5,10.5,90,180,0,30.5,1.5,2.34,-5.4491897438039
28.5,10.5,90,180,0,30.5,1.5,2.36,-5.42868005782359
28.5,10.5,90,180,0,30.5,1.5,2.38,-5.42420429110801
28.5,10.5,90,180,0,30.5,1.5,2.42,-5.47192846316574
28.5,10.5,90,180,0,30.5,1.5,2.44,-5.52787804365909
28.5,10.5,90,180,0,30.5,1.5,2.46,-5.60701851639613
28.5,10.5,90,180,0,30.5,1.5,2.48,-5.70997076689974
28.5,10.5,90,180,0,30.5,1.5,2.5,-5.83666019029048
28.5,10.5,90,180,0,30.5,1.5,2.52,-5.98624063080903
28.5,10.5,90,180,0,30.5,1.5,2.54,-6.15709748847699
28.5,10.5,90,180,0,30.5,1.5,2.56,-6.34696234364902
28.5,10.5,90,180,0,30.5,1.5,2.58,-6.55309433312905
28.5,10.5,90,180,0,30.5,1.5,2.62,-7.00208006080543
28.5,10.5,90,180,0,30.5,1.5,2.64,-7.23891509512172
28.5,10.5,90,180,0,30.5,1.5,2.66,-7.48029132345636
28.5,10.5,90,180,0,30.5,1.5,2.68,-7.72384321841785
28.5,10.5,90,180,0,30.5,1.5,2.72,-8.20992762241318
28.5,10.5,90,180,0,30.5,1.5,2.74,-8.4496416880533
28.5,10.5,90,180,0,30.5,1.5,2.76,-8.68583964799998
28.5,10.5,90,180,0,30.5,1.5,2.78,-8.91792199974395
28.5,10.5,90,180,0,30.5,1.5,2.82,-9.36851078827227
28.5,10.5,90,180,0,30.5,1.5,2.84,-9.58685611976906
28.5,10.5,90,180,0,30.5,1.5,2.86,-9.80068765855258
28.5,10.5,90,180,0,30.5,1.5,2.88,-10.0102176578593
28.5,10.5,90,180,0,30.5,1.5,2.92,-10.4175477880519
28.5,10.5,90,180,0,30.5,1.5,2.94,-10.6160477884621
28.5,10.5,90,180,0,30.5,1.5,2.96,-10.8116208732812
28.5,10.5,90,180,0,30.5,1.5,2.98,-11.0046790472991
27,10.5,180,180,0,28,1.5,2.5,-6.77425622106001
27,10.5,180,180,1,28,1.5,2.5,-6.77425622106001
27,10.5,180,180,2,28,1.5,2.5,-6.77425622106001
27,10.5,180,180,3,28,1.5,2.5,-6.77425622106001
27,10.5,180,180,4,28,1.5,2.5,-6.77425622106001
27,10.5,180,180,5,28,1.5,2.5,-6.77425622106001
27,10.5,180,180,0,28.5,1.5,2.5,-6.8235606999856
28.5,10.5,180,180,0,30.5,1.5,2.02,-6.72103272748391
28.5,10.5,180,180,0,30.5,1.5,2.04,-6.62254764393256
28.5,10.5,180,180,0,30.5,1.5,2.06,-6.52461773066809
28.5,10.5,180,180,0,30.5,1.5,2.08,-6.42749799671102
28.5,10.5,180,180,0,30.5,1.5,2.12,-6.23679227900253
28.5,10.5,180,180,0,30.5,1.5,2.14,-6.14383409200003
28.5,10.5,180,180,0,30.5,1.5,2.16,-6.05297126874193
28.5,10.5,180,180,0,30.5,1.5,2.18,-5.96466503242213
28.5,10.5,180,180,0,30.5,1.5,2.22,-5.79807211548402
28.5,10.5,180,180,0,30.5,1.5,2.24,-5.72129003737438
28.5,10.5,180,180,0,30.5,1.5,2.26,-5.6501297334038
28.5,10.5,180,180,0,30.5,1.5,2.28,-5.58579671964999
28.5,10.5,180,180,0,30.5,1.5,2.32,-5.483557263727
28.5,10.5,180,180,0,30.5,1.5,2.34,-5.4491897438039
28.5,10.5,180,180,0,30.5,1.5,2.36,-5.42868005782359
28.5,10.5,180,180,0,30.5,1.5,2.38,-5.42420429110801
28.5,10.5,180,180,0,30.5,1.5,2.42,-5.47192846316574
28.5,10.5,180,180,0,30.5,1.5,2.44,-5.52787804365909
28.5,10.5,180,180,0,30.5,1.5,2.46,-5.60701851639613
28.5,10.5,180,180,0,30.5,1.5,2.48,-5.70997076689974
28.5,10.5,180,180,0,30.5,1.5,2.5,-5.83666019029048
28.5,10.5,180,180,0,30.5,1.5,2.52,-5.98624063080903
28.5,10.5,180,180,0,30.5,1.5,2.54,-6.15709748847699
28.5,10.5,180,180,0,30.5,1.5,2.56,-6.34696234364902
28.5,10.5,180,180,0,30.5,1.5,2.58,-6.55309433312905
28.5,10.5,180,180,0,30.5,1.5,2.62,-7.00208006080543
28.5,10.5,180,180,0,30.5,1.5,2.64,-7.23891509512172
28.5,10.5,180,180,0,30.5,1.5,2.66,-7.48029132345636
28.5,10.5,180,180,0,30.5,1.5,2.68,-7.72384321841785
28.5,10.5,180,180,0,30.5,1.5,2.72,-8.20992762241318
28.5,10.5,180,180,0,30.5,1.5,2.74,-8.4496416880533
28.5,10.5,180,180,0,30.5,1.5,2.76,-8.68583964799999
28.5,10.5,180,180,0,30.5,1.5,2.78,-8.91792199974394
28.5,10.5,180,180,0,30.5,1.5,2.82,-9.36851078827227
28.5,10.5,180,180,0,30.5,1.5,2.84,-9.58685611976906
28.5,10.5,180,180,0,30.5,1.5,2.86,-9.80068765855258
28.5,10.5,180,180,0,30.5,1.5,2.88,-10.0102176578593
28.5,10.5,180,180,0,30.5,1.5,2.92,-10.4175477880519
28.5,10.5,180,180,0,30.5,1.5,2.94,-10.6160477884621
28.5,10.5,180,180,0,30.5,1.5,2.96,-10.8116208732812
28.5,10.5,180,180,0,30.5,1.5,2.98,-11.0046790472991
27,10.5,270,180,0,28,1.5,2.5,-6.77425622106001
27,10.5,270,180,1,28,1.5,2.5,-6.77425622106001
27,10.5,270,180,2,28,1.5,2.5,-6.77425622106001
27,10.5,270,180,3,28,1.5,2.5,-6.77425622106001
27,10.5,270,180,4,28,1.5,2.5,-6.77425622106001
27,10.5,270,180,5,28,1.5,2.5,-6.77425622106001
27,10.5,270,180,0,28.5,1.5,2.5,-6.8235606999856
28.5,10.5,270,180,0,30.5,1.5,2.02,-6.72103272748391
28.5,10.5,270,180,0,30.5,1.5,2.04,-6.62254764393256
28.5,10.5,270,180,0,30.5,1.5,2.06,-6.52461773066809
28.5,10.5,270,180,0,30.5,1.5,2.08,-6.42749799671102
28.5,10.5,270,180,0,30.5,1.5,2.12,-6.23679227900253
28.5,10.5,270,180,0,30.5,1.5,2.14,-6.14383409200003
28.5,10.5,270,180,0,30.5,1.5,2.16,-6.05297126874193
28.5,10.5,270,180,0,30.5,1.5,2.18,-5.96466503242213
28.5,10.5,270,180,0,30.5,1.5,2.22,-5.79807211548402
28.5,10.5,270,180,0,30.5,1.5,2.24,-5.72129003737438
28.5,10.5,270,180,0,30.5,1.5,2.26,-5.6501297334038
28.5,10.5,270,180,0,30.5,1.5,2.28,-5.58579671964999
28.5,10.5,270,180,0,30.5,1.5,2.32,-5.483557263727
28.5,10.5,270,180,0,30.5,1.5,2.34,-5.4491897438039
28.5,10.5,270,180,0,30.5,1.5,2.36,-5.42868005782359
28.5,10.5,270,180,0,30.5,1.5,2.38,-5.42420429110801
28.5,10.5,270,180,0,30.5,1.5,2.42,-5.47192846316574
28.5,10.5,270,180,0,30.5,1.5,2.44,-5.52787804365909
28.5,10.5,270,180,0,30.5,1.5,2.46,-5.60701851639613
28.5,10.5,270,180,0,30.5,1.5,2.48,-5.70997076689974
28.5,10.5,270,180,0,30.5,1.5,2.5,-5.83666019029048
28.5,10.5,270,180,0,30.5,1.5,2.52,-5.98624063080903
28.5,10.5,270,180,0,30.5,1.5,2.54,-6.15709748847699
28.5,10.5,270,180,0,30.5,1.5,2.56,-6.34696234364902
28.5,10.5,270,180,0,30.5,1.5,2.58,-6.55309433312905
28.5,10.5,270,180,0,30.5,1.5,2.62,-7.00208006080543
28.5,10.5,270,180,0,30.5,1.5,2.64,-7.23891509512171
28.5,10.5,270,180,0,30.5,1.5,2.66,-7.48029132345636
28.5,10.5,270,180,0,30.5,1.5,2.68,-7.72384321841785
28.5,10.5,270,180,0,30.5,1.5,2.72,-8.20992762241318
28.5,10.5,270,180,0,30.5,1.5,2.74,-8.4496416880533
28.5,10.5,270,180,0,30.5,1.5,2.76,-8.68583964799999
28.5,10.5,270,180,0,30.5,1.5,2.78,-8.91792199974394
28.5,10.5,270,180,0,30.5,1.5,2.82,-9.36851078827227
28.5,10.5,270,180,0,30.5,1.5,2.84,-9.58685611976906
28.5,10.5,270,180,0,30.5,1.5,2.86,-9.80068765855258
28.5,10.5,270,180,0,30.5,1.5,2.88,-10.0102176578593
28.5,10.5,270,180,0,30.5,1.5,2.92,-10.4175477880519
28.5,10.5,270,180,0,30.5,1.5,2.94,-10.6160477884621
28.5,10.5,270,180,0,30.5,1.5,2.96,-10.8116208732812
28.5,10.5,270,180,0,30.5,1.5,2.98,-11.0046790472991
27,10.5,360,180,0,28,1.5,2.5,-6.77425622106001
27,10.5,360,180,1,28,1.5,2.5,-6.77425622106001
27,10.5,360,180,2,28,1.5,2.5,-6.77425622106001
27,10.5,360,180,3,28,1.5,2.5,-6.77425622106001
27,10.5,360,180,4,28,1.5,2.5,-6.77425622106001
27,10.5,360,180,5,28,1.5,2.5,-6.77425622106001
27,10.5,360,180,0,28.5,1.5,2.5,-6.8235606999856
28.5,10.5,360,180,0,30.5,1.5,2.02,-6.7210327274839
28.5,10.5,360,180,0,30.5,1.5,2.04,-6.62254764393256
28.5,10.5,360,180,0,30.5,1.5,2.06,-6.52461773066809
28.5,10.5,360,180,0,30.5,1.5,2.08,-6.42749799671102
28.5,10.5,360,180,0,30.5,1.5,2.12,-6.23679227900253
28.5,10.5,360,180,0,30.5,1.5,2.14,-6.14383409200003
28.5,10.5,360,180,0,30.5,1.5,2.16,-6.05297126874193
28.5,10.5,360,180,0,30.5,1.5,2.18,-5.96466503242213
28.5,10.5,360,180,0,30.5,1.5,2.22,-5.79807211548402
28.5,10.5,360,180,0,30.5,1.5,2.24,-5.72129003737437
28.5,10.5,360,180,0,30.5,1.5,2.26,-5.6501297334038
28.5,10.5,360,180,0,30.5,1.5,2.28,-5.58579671964999
28.5,10.5,360,180,0,30.5,1.5,2.32,-5.483557263727
28.5,10.5,360,180,0,30.5,1.5,2.34,-5.4491897438039
28.5,10.5,360,180,0,30.5,1.5,2.36,-5.42868005782359
28.5,10.5,360,180,0,30.5,1.5,2.38,-5.42420429110801
28.5,10.5,360,180,0,30.5,1.5,2.42,-5.47192846316574
28.5,10.5,360,180,0,30.5,1.5,2.44,-5.52787804365909
28.5,10.5,360,180,0,30.5,1.5,2.46,-5.60701851639614
28.5,10.5,360,180,0,30.5,1.5,2.48,-5.70997076689974
28.5,10.5,360,180,0,30.5,1.5,2.5,-5.83666019029048
28.5,10.5,360,180,0,30.5,1.5,2.52,-5.98624063080903
28.5,10.5,360,180,0,30.5,1.5,2.54,-6.15709748847699
28.5,10.5,360,180,0,30.5,1.5,2.56,-6.34696234364902
28.5,10.5,360,180,0,30.5,1.5,2.58,-6.55309433312905
28.5,10.5,360,180,0,30.5,1.5,2.62,-7.00208006080543
28.5,10.5,360,180,0,30.5,1.5,2.64,-7.23891509512171
28.5,10.5,360,180,0,30.5,1.5,2.66,-7.48029132345636
28.5,10.5,360,180,0,30.5,1.5,2.68,-7.72384321841785
28.5,10.5,360,180,0,30.5,1.5,2.72,-8.20992762241318
28.5,10.5,360,180,0,30.5,1.5,2.74,-8.4496416880533
28.5,10.5,360,180,0,30.5,1.5,2.76,-8.68583964799998
28.5,10.5,360,180,0,30.5,1.5,2.78,-8.91792199974394
28.5,10.5,360,180,0,30.5,1.5,2.82,-9.36851078827226
28.5,10.5,360,180,0,30.5,1.5,2.84,-9.58685611976906
28.5,10.5,360,180,0,30.5,1.5,2.86,-9.80068765855258
28.5,10.5,360,180,0,30.5,1.5,2.88,-10.0102176578593
28.5,10.5,360,180,0,30.5,1.5,2.92,-10.4175477880519
28.5,10.5,360,180,0,30.5,1.5,2.94,-10.6160477884621
28.5,10.5,360,180,0,30.5,1.5,2.96,-10.8116208732812
28.5,10.5,360,180,0,30.5,1.5,2.98,-11.0046790472991
